Rank,Title,Heat,Link
2.,优衣库创始人言论争议,151.3万,/l?e=b70ec5xoVENw%2FHFnTWsmR5SyfdjbsThvnf8xasSlXL6R%2Fq10GELrS%2Bb%2FTsvB%2BC7GBFTndiAv83mXEKMwVklzGIMDmjoWB2sK36FiT93T1a2xVUqck6ieBCl2TDkxJnwCEgn24iTueGoS0wGbNZ2SYOG9SuafkFQ38pEBiEBu4dfeThiHUACjBDRQ1oS8dRL62bEPJVJs9B7v30vkNSFIqXK3Ilcu5YF1ZdCIO2rOwj%2FBGJnzS7EbPyYflRXxpYn54URiPh217eAIgMhzgzP5WtTfZcaHo4ThxtuZb%2BcepgBoTt3wHDbRnjolqHD9OiwZBKlNi3Nnj6gTVu4
3.,鹿晗回应喝多了,105.2万,/l?e=4d0fKox%2FQZAtHCqcQuyAy2LDVJUmxZEyu%2FjoabNb%2F9H9eq1BQeL8UkBbVm%2BXl%2FBux5HGNBUHNkdpAtEAVNV3rZbVYyOqdbE%2FD4OVgjeKkGbmuFZABMc75UletEz8Ojc6dmHLk%2F%2Fv2nts4vhCfKW66FhtFK1QFSMOS0M1NYMJ9%2FARmvMr5auvIXupeI7MknF3UsLPoTlXcuhs1GnEVCbEsPD3VCffpnHn3ZkR51gyLQRa4fbt4ypdjWAeZ8gG1%2B%2BlvWigJ6js9vWEVveUv9I
4.,43位志愿军烈士遗骸今日安葬,85.9万,/l?e=af7dB0e4SMCSjnkLyvEp5qEFqLUGFJfLszNnRpnRx4trKG6l9Hcxnh%2FR8ak4%2FDzcb4ZK5q4nBArO2pMdZX4RAlsga5wIKfOd7BOmeSxFh21HzX4h4rqj2p6uA2l16ucH9DeMyLBTp8pF%2BzEIRqAt2xurFUFhm%2B75RorllUyLTvOWJdIWC%2BHw%2FbJYu128%2FTdqgqJLLaoJObLjM5s9pSEbwZuC9gMykC8fX127eZGYQqKnZEkRtWKs1t2EKeOugwroZPfGe1kD5WAjQ2qUoVXDxGgxMCJYMpWd6GKvPjnMUO481ubltOhT0Vq3fUUvMou8tMlfCVJmRlWscH4Ds781sc83auTHu3dBpojPOx%2FBTDSUMsQubbOFx8btag
5.,17名男女KTV聚众吸毒被一锅端,75.6万,/l?e=a7ffsqHs97FokcL681n8gOtzfMbmVDAk4dceZ2y1ocwwr7oEKA7BbowEpctgbbVTfn2hzfBzSwH6pdd9FUNWheXzX1KdwEsavEXRh%2FUj3prvTUFrZWfJy8l%2Bj4WYc3fF3MgquXM0JOBdKZBOE9YtGRxoQ7Fdzn74iAAxrxS0zw98pUkYjWMFvIvNTHIOguLkFGPRsDw6AKFvOyLQnkPew54l0%2Fdq7z1eCb3QqRb6s6PBqSAhy961D2rtiCvpnEJWiXueRpphopfwAeV%2B8blljbwmkxw4VJAwZrEmDael9ZGj7nP9W%2B6W5Tv2S6hSjIADr0lmiTMgr5%2B465bTcFcc2g1IWaV7f5flqfhxlgdbnA
6.,辅警因为一次好奇9年后救了一条命,42.4万,/l?e=b72cMh%2FgoQeYl3RZmcjNrL0KVpTdTGYbzC9zq9zslC0jrUnGt0d3nejNsT99fZ0fL5uiidHGDv33Mdsk4UCbC%2FZdpyLn7LbD2YG0%2F0vILAzayirdl2q7EOM0ySrZp19itZLZMysSJsAVkEXGis5YpTbjl%2BJC1IiKtZ538u9Uc3vH8WdS0fOmqznYf7rAbKGxRxQvGXWtrXIkWhKAaSNZ6x6z8nN1EvBUJDnKV%2F%2BbZkCCZ8sY7dvKbj3GOL7Twe0EKuO5lyDPEL87ya0JI%2FeuSlctLuBBHjzzFw%2FBMrY9TqxVA9eOkiwNUG5hgI2q4eIZKPxsneoQ2KrnzWXdJvJ%2B8FV3CQGEruIHGc08p%2FrXr7ABQYMKxUwaH4ClUWC8vijsAh5qX5LbwFswisUljvf7J81wsVRLZYLPRrZB3o98Twv64lKdQlNe
7.,山东一金店被抢损失或超千万,42.0万,/l?e=46d4ZSUHqu5gk%2BPLVgnKXKhscQjhIwYP3UUsxPiT3H2FeaV21KHMsXoND4y1xJj0WAglDaAa%2B7cCHc5z32qqPUGp5A%2F2l5OaVMvpWusQniZJFP2qVWkKTWT4oKeONx%2FlP2dqtDXGMwjgKoaE7eHphlsg343k5meevtrNObGz5ykR51kffJigxqc4X88O3CmGnqaIOfNIC6OHkuVp8FerunCtXQRN0aGLqQZrSn1phprKFeSWwEZQInDhyZSBo7r5wXCOIO3iu4AaX4%2FsHrp7usmEMmVYgSg0yFbCe30fzWj9IFJ7jMn50v3fLH80FUET5%2Fv3LuEcweUOURMTDQA%2BGMtNO%2BzaXS4xug9544JVorm87BN1voOsVFCxjJhcnahGg1rgoCm4kIs
8.,吉利星主播,,/l?e=8197haotCQlQxT0jkdXHBEPovBas9ueW29t4f22iTz6f%2FqLfX%2BbpxX6Z5r23%2F%2F0Htmp7IvfLB%2BqRM8HbFcfvZDc9Kjr42nViroYaDBxI0%2BDSpG52Op03ev8yUeTZMIpk0hJFBDQ2RC6AB1bXbbmCuNcZK68%2FJzNfwvy1CMe3i%2BVupE2Oz%2BHmvJpSYZO5ukJLe%2B9g%2BhSMZ0kmzrxqCIZUV2cxOLU%2B4tKMNKTwNNUjcOU
9.,鹿晗好拽,40.6万,/l?e=8c59wdH1BeEXw%2BmFZ77ytdc%2FAQKpzs2z9wv5C2c5CZRGTkUuCaCrtIr6oVap5pwAcmfHrT9COB%2FdfUleyKiaQXqix6ssqhNQkiwPi9S2oM8EODdw5HWTzd86F9NsRedAhz%2By%2F7DKPYNlTMXDmor%2BPEsZVwK%2B1KOzM7qGQ2oFd575wpV8F%2BLqjHWOD9BAA16X7iJmSl8Os46knU61aMHbStw
10.,蛇年春晚官宣,晚会 398048,/l?e=cae15EdVNz6f%2F1xiGa6Fa4nUctYbPnpr%2FA9nTrSCJhno%2FB1uPf9Ef95d5XjAP5mdZkQlvlrDGKMni6vNOBGVeNws0Qd5yz9TvXBJoaACc9XcBdTTHfq2ga239LrD6b6cGtsL9wmGMdyWOFAP5YAO3pCJwejNlAYzoinxn7G1urm9luTkHeYgsrUSx2s200NRBlh57hp%2FHQfKsMzUvnrmD5yvRQcbQcKxpjw92AIETclqATbC1tehB3yMoYFVkMA
11.,冯绍峰接想想放学回家,39.1万,/l?e=9ac8xJVCl8m51uZxfEnTldAHcJA%2FZsKzulLG6QPAF9xjPIEq9gErARERypUOlL8ZhAxer4bN%2B0t6MNP%2FvATlg%2B46aIQxCmrpOFUAWkk0HnlJtdhWip08xn11c5BdPWyU66ccLCelUq47Aq4KpG1%2FvKaIcPU0rRE3HC7fURVuGjDpN5AKOWJf3WRMeSotHOZDpWvsPD6knmtl281THj0lj4hzCSL00dqlq8ALPrfPPdSWSBpgHjeiBYla6uWvAkC6A1zRqs010eBo%2FY4BK4AWADWDOy0E3EGaB5L2nTXfMwyVepWa%2BF1z%2FGoS6MvFTwEdMe3Up72KoQl5Lps
12.,美国女子抱婴儿袭警母女都被射杀,38.0万,/l?e=0b801V5%2F2aQhp2bzuYTtbvCvYQDVwVUNKKtrwa%2Fp%2BvGKJ4hr%2BwpmBJKTdeFV4O9Rx5%2BZPdaL4HQYyCKiHTvU7Qw5h3AVnYXJpuwq1C0B7vdrzL5u6Q6tnnOmrkhnnNct574kPRGxmLDuPTKUbCTBRU8nrewHKl1jZGT85MEU72zU0gSPBijNGUw9KTmqJwnXmyHCdfqKqJqbpNFWsBbZWQHv6Vp0jTdytd4QAwIHZVH0Htt09oz4AtVXQrjk7mN8UaybufW9CserHeHp3hZZrRzGpTtlbQ63HoANHo21iGlvc59SLmXvYI7QLqvTZJMJUpH86faV7FpMDWv2LkTZPSyfAX1a0oee5iYsuFdJKfv17uRMTlcxRAYIlqiJ1C18ZZQwiNxY0HxAaFBfwMhjLxL4aVLaYS849fgVeEsG3xZ5UXX0vYw
13.,黄雅琼回应郑思维退出国际赛场,36.7万,/l?e=1ca1heLsR68y1XGcALGbRnbfJWUyXEqDD3TSx%2FBimxxXKUA88o36qgy4B%2B0ULpSGOs2x8E6dv1AVRIWjcVnGFfc3ky5LAHCZPrjigedt4MKZjxZXcpWjvgE%2BKfKzR13sqY2IoCrDEtX%2B%2FPzOHBFIlWCEl%2BRUqHKoUP%2Fm16wFkSGvVAAZNZgKAkHC%2BUR3DCaxSa%2BUNe%2FIm5HcWZFRMT15yXfn6fEFJR%2FhWOTOati%2FriRcSzTbx4U4wp0zZ7GiJ8oeLfJ5Hp3IDsiZ%2BMdhZUF99csMH7U5bXtlYKaCCPwkwtaRHfIlAeTPnUrwBfA0G6EJB%2FVILMHZmgCC4%2Fbue2D9Z5891V1CHVm9EF1FzXAWVQ3yrzmWJ%2Bt%2BLFBlhHYr8NzWBgUuMIpBj%2Bjq59%2B6XCvpnp5177FTOyA
14.,再见爱人4第七期视频没了,综艺 361721,/l?e=272bOUPpNRHeDK70tc3cQm95dXu8yfWDttHMaqD0iDiYpKg%2FgxxNToBf1F4viX7lVX04AcjM7R4R1P6Aw6nHM7QW1baaJfdtRTC9FuDVSF%2F2qlx9NSFyA3XY4kzs3M44RU34drMOrq5cfFaXshVvIcIyZ1v3jRYgC%2F9GtktfIlSt1FSo%2BsdvCVrr8%2BFdty5tYO0Jb7zp%2BIxv42ePnFBfySAjo1SWvgGTNpeh6a6UygmcF6ziKmIdv6VrHvpjVCwIlRbf7wYaDkHZYI5uW0vQw7r7Fxh1FkMLd6BI9BiK2wow6lTtLUYQCZQ7ipUCT9o2kpYDDDMFHRaEmZdD%2BZ3Zwb5hgh%2BGu%2BJtb3xu
15.,王源头像P了个新帽子,33.9万,/l?e=3c78Dy6jc2Fa53MC8VOZc6c%2FeNQbBIlKFFv7OQI80CJ1l%2F2pNygfc5NZtcQ%2B99LPwnn6GCNaiYBipIzepoEyeS%2B%2FXi9QoKWlfGK5Lx%2Bf0m95Za7JI3R9FrmjZjQAq4Z%2Ff2fKETucOP8nUSvvGfLQ5HwzFVIN9EpKSC7HSBEjcpPIlD4Yj%2FfJb1PaP8z2yu4pCfBaYLlRWB1ZtKghkwP6qpjXZ2p7ORG8CDz2AU85ehLpfNoPnhkm7g%2FAQ7zLJnNZl%2Bqxujaphu9FOWWw71dRk9OWA96rt1Y88XPs5ivDVzScXZGAAsICIx7oK8hx
16.,韩国人的精致穷,30.9万,/l?e=83d60ANS5Z0NO8G6M7CzA1FcQWGIv1kbn23XlAvGPGIu2VhCDvglGuIVISUAkcgkUv%2BAx6CUnMXCPePRMkEO6QgugN%2Bf4U9hTNoT0ZWHePnNOwjIT0hiyFpA8u0FpADJ9enCZjYM0POBSXc%2BgiK2Y916iyAQafaUi9TeTjWd4JRQs9AJPAYeCPZaPlQxUceschVVup7oVBHGSC8uF42EDb5HM6kip476fUD0vZS5j1kfeAxJ9TPtntJHdQAIuBdO%2FVTGoJnvf0a3lvomS7I
17.,3人1分钟抢劫金店价值千万财物,27.9万,/l?e=28d20XJ%2F7dLV5mkJIRxqyre%2BOyBFU8u%2BWV4Dd0kfdpR4WDmffzHilNHgHXQtjWs3z0QpmbIZqcD0GsNwvDxDo5y9l5S2zHevAWmjf7XneqJ3t1SvtwzkVhGV6p9nTNwMR8G1bgsO0X1EoFIVONh1WzeYFiPejP1oMOGhcv6ts%2BQn%2Bw5yscLSACz2DmLd98AiEKz3linjO8d7ngbRaOBd30hs81YMhyqHTvp9npXAN12hIgugu5NqiR%2BBqhEcQYrtr%2Fl0MsODryWwN42iwRq2qax1S2qilJ4Yu7HFSnQzhO5G11IzqJ0t%2FkZBwPR9asl275jh4iUOkONHBkVy3mxg6Nik%2FxrSiLFhkmbWKtU7uOLRsZJLQ44%2BPne02yWOmkoI9c5fzWaTVCzuqw
18.,孙艺珍为2岁儿子庆生,26.0万,/l?e=8f05VNSMRQPicOTBXIr3S9oyscU7MqSwVkXc6SpBiu3Cugzk8AD6mUpCwAgkRhedzoAgj%2BnxPlnV%2BpqKuFtD%2BXofLJQ%2FngX%2FWO8pyTlOgXR4PpNZ9A7a5SYoHOhVmiYbTpQ1p2e7vT%2BcDAt1tIScsqBBl3jPjZFYaNnGE4BwF0EMX1wtmPtJylVyjEH9BmJQCJpcdCwCkNQ%2BrDewurZ5LicjdcdDH4H9fe%2FrccfNEOTFGVG7ijrZlSbIoxjLP2AzsarjYn0y116QVeY7G37W5U%2B%2B8D53I63pqhoydZsTtfN8ocbzgDG77U4wxqdk
19.,胖东来调改永辉超市25天改了啥,25.0万,/l?e=f89eip9u9G4Wbr6qniQGO8a7%2FQ8RiQSJPwHlxKngXbt7%2FQyzs7jwga%2BZfuqn%2BZX2pC65iSAiM1b2ndUzKXZDu%2BW9yfeaVEM5CyTHV5KYh5SUuMn58gasnYSykMG2LRhseBXcSVMIu9xjesVbC%2Fh7xdGPfS%2BM%2FEHAH7FKDCZ1%2B89DXaDFCUT%2FJ9C7t60pkSn2zj1oKTTlcw4PiE0idN0RpjFWVM0EPTv%2BGGoJqH%2BGOVbs5Irl7%2FImxxnAOdMJEbRJ3xeZTTIqUgRMI0S8dcTqrHHP6eXs8WAIaX2IgAajFrshdwGhkcQFJqHGhtYfNYDjPH9G8UMqYtvNHKgpoKV2PkZmsQbEx0oV%2B0jGlm2UdsW%2BFwCWeXPswZsRlPKIhHmZAFdl%2FWZ%2BptjDKQ
20.,王楠女儿落选国乒少年集训队,25.0万,/l?e=4679fqyARnWQGax2qqPgYTg50VftGUcbQhL99w5AML0ZeVJduAxMvxIrg0TmoQ1fTArcSJI78dYw2wE4fFganoCaQwofY3DhN2qlbg%2BsPHnTLOUNLY9AkJIUfE5QSRf7vIOTXJERGMBTH1xW3lWfuyXI%2BhUFhq1ovIvsFAp2opwSBOQ39J3S2PYyo9zNVGqO9gXX%2F5NxbN7A6ew5dSuqWzQREhColQwalUfp642PQPLaJHpa5kejInL6T8nwzvKzezefc80TXEkCxOJ%2BSc7eObRAPxI6ffXdWwnDfm%2FKXn9xhRSTDe5a%2FmojZfBxTjMPYKEvBsgmVtSnsaP00ePHrEkM7q61TANXBUnFNDbLYec1AQ7dx%2BUidXTiegUrYT3TApUu9pz8sEc
21.,外籍男子人体藏毒123粒被海关查获,22.5万,/l?e=221dTvtDsiHMKdSjzNEivmF5oBOcJiPyFImLNT4pP%2BYEEv9qYUmYUkSUkzRsn7hrtnonaTPz%2BTOeYeoTDfblxrsqH3rWiORpP974CS5VNO9jlNT4R4cR5uIEh9S9%2BYmBE1DH2VPCk4Hto5w18C7m4EQwDa01TnOOVITieipgCNWEIxfezgT7hMBppDUTqoOfVcebE3HpEfr2gVGvVX5pH8oX6Hw5oSXk7pW7FZQUaUBFfEV8yCBWgMv0DqtWoWCnmfUY4zIa40s7oy8jfwPWUCn%2FYNE2CUSCZDFPto5Tmawp5wBneJS8LNlGSxKA5HTGYILc8PwRXgkZJPL8YYXCUY6f%2FSIdKeD310eL1Dz1%2F2X5BcBgB8RJSoV0MJJyAdh0G8Jz%2FpRdhVzeUl8gk5BJSonmilx9ZzT4X3M
22.,唐嫣灰紫发色,21.4万,/l?e=fd87RKpeCoexQbLvKoSacaoBmPgNZw4jc2mQwkHJAYZYA0BQLJUAFob27dwWrtQNAqQOJkfBGnpdKX8ViUoPBwDv1KIJ%2BDKb50r80YGsOnRJjAGbWHZGkHcoiVZi0sT12oIk29yDW1TD86KlGNoO6Hdsf6EvOdHnORjc%2F1%2Fh7LLraWtQdOeGMalQpbDSC3AGctigupFtluKncKBa5VmR3NOW2LYWkyPK%2BpoWkg1IGdbucm7aZYOOiPtGn2OEag8
23.,林一长沙活动取消,21.3万,/l?e=fba2X1CzOgQfQzReLwfUKi5KlAnAXr3S9YNPXDhe7kEUcUW9I%2Bmn4bW015WZ9T%2BQ6x99pKq7Ofy9jGX5ZPYfJSFdyX1azWL%2FFZe2U2%2FxNeByK53ZD%2F6mre%2B8sO49innMq5YqmlnFI1bitTeZ1bU%2B6Eo%2BfidB%2B5weQkX3aLlxK1GiNToXA%2FDOd3fGZf6aIkK%2Bo9p2kegkHt7MDCe%2BeZZ95gX10YON%2FqHyA1X46A4fPnEjObYR1NRzQ4Su0FraQE4IeNps%2BVeOpSObOW9DO0wRppw0KBY3IMfHhgY9jBI
24.,丁禹兮看人深情是因为六百度近视,综艺 209505,/l?e=2200YZNHWT5kfoXs8aB6qMmhdAJaYKFu2fOuu6tjr5bv0AXxJJSMYnDB0%2FS21TcN49uSafvqMYo%2B172OY0FBaiT%2FccDDKnfFgw7nfOBls2ibNbKE0u9Dg58ozXVA6jueHYLrCRdot3YkIj%2FXwLbr%2FC3s0CVzuETpwdoCgA4ZeKAb5i4E0UVJCJnwaGT52%2Fk%2BmfwCvz9sdHmjhPM%2FvgxQBbJJaTcgujb0WcvNX0%2BMGhVAHNtEfRUjRT%2BCPZ0LFB04bYtJY1imWbaOSGLwsvyICuX9SX8B8UM4j1XVDU6yTwFcXsV2epv2LXHIchRXc4Tv5F%2B%2B3IDZKefk3T3hDVExYee6IUGYHbhLuJoM9jecXaB7HrSQ72EreVObU9UMUbee6UiRd1hST79jqZFi95A9jTPXqqjDmTztuuPqv2MYBeTc5TdGO%2Bk
25.,TES官宣Meiko离队,19.9万,/l?e=2530GM0WEm6gWBDsTAGR5GUf9g1Kzsg5PhA%2FsTgrnxaf9OxyLJC879bovgEfN33TrwklOrySf%2FN3gK%2FTUamZTbREFfaM91Sy7O85X2bE19haXA4xf3JeTvPOthRHW7L4uFmbl2xsAElKj4w6KhqhBgP7%2FSccEPTCnX2JZs6%2Fcx2jo7RYUaS78s5ftj27N7UfVAxQxh0k4APCsrpuZzVvSWDwbb56js%2Bhdg
26.,派出所回应山东一金店被抢,19.1万,/l?e=787bCdbT3nZOd1CMXyq5S0dRXWxvJ9ktgtAz%2Fl1asPrCCiLu13Vr3TwQ28rNtJEx%2BoeHRgycrgjfFvseyrM5YzakRo%2BJpQRk9tZjo5VbashiHEHV2qHLc38UeMEVGtU1%2B98BKz3Nb5LNOFUgJzvf9Gliv%2FLCOQFLbw2CTV0%2BO9LPpS%2BnQtquxSj14CQkMOaT6BJ3ElqrGpyy3cTXoXyWqQ3mjBffP3stGafPg1Z79DihJQwvE5%2F4kYrekAAOVj%2BaSpue8iSCpWITDU1%2BMVyEpUWVboRdQ4ii7gazMD%2FJd9Z1gaNgakTjeKQl%2FABkND%2BJ138zZDJDsfulL0HS9mkb2ppf6VABdovJd7J9E%2Be%2BkHAI7jg8OloaHZI
27.,崩坏星穹铁道,19.0万,/l?e=8afanoiYDpeQSX%2Fg%2Fjal%2FyvjgvQW8nsKB6SuSzO1OQqPNOklfiizOpkBnCiy2P36K%2BI1Fp5q8TO%2BaGMPHWLesB1N8yQ4vA4kP5hQb4B0qEwdlifCQxx9Lygmn0h5QiQS5MmdsmjUQgVc2jWHdeZFn6B1N32nEIVSoiMRx8wIM3YLzdDrfliQ5GTRZyPq%2FBdUK2UBPN9VP3AfQcludv8%2FdPB5r%2FDs049qk7ngBEDJT7sDZXHX1TosCi7zelTnRf8
28.,古巨基钻石败犬live首秀,演出 189465,/l?e=4fc3751Gtz8JAyQq7DORpBBzJb42XgocsV8g3h5CqKQR8emKuwDSKKSw6YUsIbPHIXqs%2FpmB7bzL94e8o0G3koqfMMHZgdG7hhV%2FY9fL2NjgSlitW92ZhSE0BDNc8EkOCCvV1STmnM02c2n3l5nYeLvgPTFpz47fVi0iODYgrvT72193r7P2%2B2vbQlNtrzb1Zl4C8%2FblmbMEtekgT06TqhN86MVqZ38QdTSi1vhwPPTBfpZ0PtCa14hr85JycT%2Bnfo%2Bs2uhWEbmrQXaNdfc92UdATv%2B5ctiuwuoMXITcqoxL1DjrXYIibZQtzKMaosB2
29.,老人吃腌萝卜后中毒整个人紫了,18.9万,/l?e=d4b6oy3T%2BKlXjk11KtzNwGN%2BNZ%2FetttShM3aZEwm39zJc46ITP6T4R5Vq107TQptArxjOK1h5n3YjglSR8G8lQbdGegvv7TbLQOB8aw0tcsgUFi9K1Lr4fkiNq%2Fihw5a27c2lPZMsOS8jingb3VuwOITxbW9yQ9Vl3BPdWlFFQv3Nbyyw8zIo9tqwMakihZWPOSvtqYa1wsv5lgUiioySeF1E9Cuxtxm5giwkFgvOcWzUs4ouS6%2FC%2B0rwiKO%2F0qPF%2FCkfBqwoONpZXNDyG3f6s%2B8lJeVrdgqHoXmpqrw5%2FbMMbXKbCl5U5MdC4R%2Foi64DkBCe7St1RXBCSrOUARuW8T6vGaYAeNEy0BJVxoKbEwAPXHar66wtCTdYCkRwOnMR34ol4GPG5zNDOSzpnWvAmKQAJGV2uo
30.,年轻人买的水果半数是情感商品,18.8万,/l?e=0952y0APS0PwAM3jjmQaK7KVCZDr%2B%2B%2FHeYeIDbv%2F6pxXI5tAjZHf2SoRniCdQWrT2vx4siQ%2Fl%2Fu%2BqdzDpsNtKk%2FcZDwH%2B79DoNg0vit9WWWIvP7%2FpmJ8oE8vAuTtwRW3ts42Gyk357DOvQcj2YU97UebiMMAqWm4PPTMJjjAsp52ukkvnLRN8Ky32u3qYj9f1b7kdU%2BU3NNq0NFjzwT4PegpTs3IiPt3c3TBqTE%2FxMGMFXxcl9NepBvjribdCNnUDe8yhfiUX9ToVLSuPqTJo45p9d9fvGUf%2BJZgsiLbq2ZZuai13EQ%2Fod5yQjT8zdjkabnqBNVMrTkpWJB38v5LVMRWfTKqVN9zLnd6PHD8sm2gpyAKXniwoV1mZMZPLBwOYNn5dVaOKi5mMPYAO0wP79bMnhVwfbQ
31.,张杰唐嫣荧幕合作,18.5万,/l?e=3960rRs9KECFh1XJ2GgmQMdubZ%2Fp6%2Fy9UXNxVrCc%2BMeDnZqzDiThh%2F3GoYFhNTfJmSnSDMIX1UMOSNong6pMhI%2BLfK05MMcd9VwIhBr1fHtNfJRulBj3nO3yVR%2FAEiIC%2BcvJ4itvaF4QRLrxXDk1BVgHbLyWHt7ffABaVyMDzAlMxJvUXHFM4RRtiW62%2BfUDpNOD7DCOh1srZgZRyT6wh0UUL7%2FVy6SOLlkLVithgomM3pJuxWm2ebfQQ5ThQjlfDIZ9lVvSBtfWDg2v6Hoc8rM5TYxsxQF2P3Ui9Pk
32.,王海质疑李行亮麦琳争议为剧本,18.1万,/l?e=b93f6615MbcjLlDsiSinqSyAgSp9dKzuxXY%2BKPZID6OiJGPOM%2BNbbUSVRRqXRh8jwlEmLAE1Z25aFRbqkpg3cCnJGJ11u9TLhPhUXKb5waas01GF8qFRCSepxcBQ7Wum8ioDApbKZ%2FAeLLJ%2BmJ1Hcm3QBfmD9UpNhStQ1MCfWT9GOlpgn6GOK%2FuTrBYMijFnFeD77lF%2BBW0iKkxhcxNkuXdoXmJKN5dgc7I%2BxWH%2BnS0HuENLA58EeJv2yWAbwd%2BqRUqOsqYFGozBLzmQsLwWQgUWMCNxgMl%2B24ifONSQV4gh0xqRCZWlk4hrrSjkcRT0neJ28YCQlXxKqspBU0SzH88Go4XEO2AJQ3ct2P0Eld6g0WJUJ%2BdErW1egsnCyfsckuK1u1dmxKDQka7r56u%2B14NxSbmFHiw
33.,老师向家长借60多万买房还钱困难,17.4万,/l?e=850ffMPPRuLpIaDlxmi%2Bv04zNe0EOQyQBnc2NLvAWZ4aHNZngHqvV4zVebxIohl%2F3C8ZqcpLzvK26PS6H9vWPW68DXM19SRKbkPiAaudqVO1ZB9ldgJNh62HQGAUOpHxRGd0yAlA8etY3novoVqOU68cif40ixEtUuJc2CvvWeESAbNfz9AgH%2BgeT3lZktmR4tvagQuWg%2Fw2fPKDEmIhaSAQ2xwV1DAirwDG%2F2S3ngPjvLaKbFBKmOqdboHP1vHf%2B1XmAWk4VtrMlrhdNk9J3JoQgk0mP94beCNMhP7P7A%2BBhaDv%2BMr02n9eiocgRLLC8lo1b7nIQBP5KzfM9MIJsU6e49LNniSOwOuwPNfYnsoYcDaScJE3xipiTlA7mMRngXbTjEvjCVElZY0PyCZgT8NCQOUYd6%2BmaQ
34.,南宁一家长称15岁女儿孕期被砍伤,16.5万,/l?e=be1ccP%2Fwltr3tXMsYPcer82VDpvvsLOiY6KnpBNM3%2FGc1srqok%2BeSIwWgkBfsd%2FjzDFWoHXWiFSEw8220p0G1abvSEH4YSMdnjVc2%2F5AcefmoiEkVyXv0KAaWYvJ6a4RGogJgeEM%2Bj14bNUQObj%2FJd8AzgGQkqWfulnXGSPSR38YTAiO1V7%2BCJdbPvkyCyG4bqUFhaC2l6T924UQANo0m6f068CNjbI6i9mqAO0skWB%2FyZtLpsvFtVfBHM%2FT1V%2FXtjEEL0mOdZbnGJbIn262sE3YI0dDpyAwbi75BLnQncbX6JCMywhHfasZ6pCJCie3wxmf%2FM14rdWgrgSAxybeDK3qbcMB6Qs5dnHNfwIhqvKZQ%2Bh4tSlJK%2BB6ZZ%2BAIIIP6Ly1vl2YluadKoO06NQRwSvFH4leUfHS7Q
35.,珠海户籍居民可一周去一次澳门,15.7万,/l?e=b215K0m%2BAgEjPu2N81F%2BzxTKHCBYN2TzLnQBFZlDViR%2FFDn9xq3WoTQx85lIIWrZBtoMK513Cmu43vIXbCVlDYsJFV%2Bw4n%2FdJzRtH1qHYNMlX7UIE6kjPnjJviOgYKwW2jPlTWbLB%2Fwxd1TZrvZ3aFMHPWV%2F5kzdtTRY95fyUzufYmfJSE%2FnHBpxr3Xt8%2Fhz%2FBqUnBzq%2BLsoeoWcgX%2FmcNC1aUaBJwnRjQFIvelUydyOC9rAdqbmzqE4fHpDP6aQ8WVcDE%2Bz8RjfNuAdC3uEMQGGYQIHqhYs7mC%2BIujbQkJMlmpiSOJo3IT7%2Fp1hWNgccx08WXdnpJxycf%2FmkuZ0xZ%2FywYY7%2Ba8s6OxfSSuqmiaIPwZmAhVIZacTQt3sGHkAInq50Hb%2FG1Y593aOu%2BhRNRjAXthDn%2BQ
36.,林一霸王茶姬活动,15.6万,/l?e=ded329gAjRTzUQy8TggsYekuXS6Pa3FnQDRiP3Hnt6D1QvnFSXfSuujxRjLLFO2Q2nlrSZxV%2Bam7oEcHA1ynqfyy%2Bw2cZKta9FxsVskrzgIG7MZVlmnXeQfcRSi8LhLvOmROjNvbbvPKkvYBo2VTxgIcnXkZoxYghIZxgU1XmEaZoE2K09c4B9miAciGjI0Ga%2FBjukUXbZtMsNHtP2tISBhT6ipZ2ufNCb3ORdXc5CMB0bNHvT6OnI96juoTZ8A7vT67Jrrlk3Jd9ZtJxyiyBt5Wwx%2F0V75QVau6XpU
37.,卢昱晓看预告片才知道不是自己声音,剧集 156116,/l?e=da24UiBYyd2v56JFHAxfLXLFt9Q7TDA%2B%2FP7flQZLcCrknBG189%2B%2BjQipHsvuagUKf1i6DCvRLF4ok%2BiXr%2FSEIc8wR10Gf4VHvB01vFScsUT7QZA2Hfe8qcVwcClte%2BAw2xtPx7wnJKmAGT7VUaAZUBTsewZsOfF57RCSugFK4rN2jy%2BKoGz%2F1AfCDMXwvzrWhY5wCBX5tGqC1Vl28OnyaggomCDIXBiqzt8X3oHxZRhRNgWoaedQeWmDgB4QWpVLopg5yBZf49c52LZlXYqglljMh4KSr%2BAnsj4Gogy%2F7ZckQLS4TEwoh85uDhXkNE0pCTD9QlcbHb6foZ1Xzhp3lo%2F9Qa2hMPFffZdnhmmMqGYq2Jh%2B%2F4X7Gn5sJOPfucZN4y9wqUED%2BiXcv5Qo1q3K1bloujeY3Fxg%2BXCLNzFtFhBi9ULu8KwoNuCXfMDsvEaDe8e3wDA
38.,奔跑吧揭秘穿越千年的东巴纸,剧集 151335,/l?e=0c3avQReeCXmIGR2H4uyYOX%2FTYC9SjD6y9BH27rFg9aSQxUIb0qiMdR3sirSGxOIZFA2CrpL8xaPxcpYPKjuy6Luz8MpovFbvCbr2SHwZ5nliE2Ud82yMllyBly%2BJRw9ekW9OJXc5ESA5qhcUiqcpWzrRrbRZeIwY5n8AkQ%2FbO8WPG4mzIHOPTg6F1KtXjYxjZJ79ejA%2F%2BuOuGccjakT8YUmufzh5xcts7Y2NL12HaGQro52uL1mUpT1tFY3JdO37mSaOccmknvpda6%2F%2FtrzqrQ%2BYyY6stRCxLM1mBq3MUKevflke5XO7fqSe%2FlYdUfurjVxI6v%2B2UI6ifRzGm6bPM3W5VJh0jlZIIDS7s9e4RKJa%2FRLOdAJi%2BrgNQHDaZZXm4UMEbYDHyk
39.,丁禹兮 包治百病,15.1万,/l?e=1491tcCbtx5UBJmrhx1lDF9qhV9sFuuscZ16aCIoPHV4vQBT0hhjFxLzkfNbF2JlsHZcd8AYAURWlbLJ4VrmdcmPCjWXbJQSibc0Mx7duzmW4KEnVXr11qrp%2BoDryJzcFOtxV29nu%2FLPdDZhPlbBAmh3UWqEkPeNLJASx5aGUyJSug%2BpjYx%2BQwKoU3DKddLoySBMEAyOBwvZA0yLjrYmiz6UzXPjFV0jU%2BBVzNm%2FkXS1Tarpno11xeG8yautAlHzlMDwvS05nYMyUFYXLmH0Y20
40.,央财教授称股民套牢是好事,14.5万,/l?e=e34eciySJwuaI7FTE7Exi5aFukwTdJDgLt59fVesGzQFwegg1xfCksksE7EovJi7WM7IRseehbE5UjLrFbViQ%2B9vfIk%2BHvGIH4ygVyWqsFztQcd1k4AYjlfl54GJ0%2BctWTHdyrE44DwsXPKo8fD1tfBQvbeNqFSzZMOMbmkkyzR2Q0q9ZkWvjqX7IEnVOPUoDGlVVaAAzLQCKfq3IeW8VekoJBKK3BR2N%2Bb7s8uc6DKuvei9CKwRvrdOHCiI5JsdqhVDtHCYurfR1sNvFjwfgFjWlovpzOMaAN9054oaz600DXYTrWL6sK1JjweyqSIrWlRRDXAI2I2MUPG7Ez77GXorMct85SzUSmYgnLQEmXJzgnWHlJWYZnw
41.,你家的筷子多久没换了,14.3万,/l?e=7d6aXWgeM%2BGaCccHeHKOYp1WzELax3F6qbMdHN7DWmjs5GWYdtiCAPkHDGxHVAFme2giQ9Sdm3x5FnfoIL03kG4zaFuw5l%2B7F%2FwtTP3Y3PRZOC9YuajkpOj074xEcSPdKTizpl6klX7ViZll%2FQ59%2B%2FTQRYLJrcBxJf1GagZEidaE28lwmvkjnlfkAOjnvEHDmGzcaXpL%2Fp5rLNQRb%2Bodh%2BWiUnJU4DfyFTLTnvCiZJVzuu95P8ycBtHPdVKdRSoBzIyiXzB8mxVONfwBILu%2B5ICYAnYaiJw6BeFUncLsEG%2BakmxFFXzZs9hjWO79V9vfuVXQLW8BSx10K4E
42.,杨子黄圣依 人设,综艺 141898,/l?e=0172yT%2Bb99nr1x7K7OhWyvCKkfmdNXnocybsBUq94t5Qp7C3tRp%2FqPTJ0k7iks7FlLkSoAqTpDQVIkG6Tf7BiqVWRVePpZLGstzFcPdf2aEIT0UMdfpS%2FR08nYVNcPAK3R5VMMmxPpyO9pcasoLzQN8PlHBrzH%2FJ6KfXitpPyMB1CYM%2FBgFuYu%2B2idpTEqKfCRzfsvGizGcsdqMLZdHeMiUl5DBkKjvco%2Blecr%2BsyDRuzOH3NyN2NefSaFrYdjRlWM0wXEc6glVWymq9YFLe8%2Bk
43.,侯明昊无处安放的手,14.0万,/l?e=7a9ejZB0qwWQ0ziTuluvnOC4%2BTx6dua%2BuFeU%2BMu5gvCDgQKyxV%2FbPUkV4%2FgzJ45642pgoALJZHV%2FFTFKKA7cTl5YhcjDrhUAiW3%2FoRjytDSzJ4rMAhwVgTWZPsIQGcXbbX8pC%2BVg4FI%2B20XcYwkbh9GiULOZ17sPeMELAh%2B%2B3Q%2FvLDFhldGGY3ukloMMBsftT1xnKZznBhaAFHry366aj54oTtUGPyJQkUKmBUKgtACZNrGz%2BhOFqqlguT5s2yl%2BkIJ7UBjsX%2F7o%2FCCab2ZfukESAaTDS3bjYpK0EBFp9mENdQT1jrrarwGGjGM
44.,冲锋衣成顶流是靠什么征服年轻人,13.9万,/l?e=d9e3wHUsnairjdlbstPKQA%2FCzfTGVT1OOtGGmrQpKWN5zLZgOOqtMFF0x8KXOsjHPRFma9phus7vvW%2BEruBsb1Tb1sXs2FUxFm%2Fm4MTCewgKcC9I4Qwbk3ythxX3pBXMU8dgw9Tduii8IH9hGfh9vXLOUTRsR47Y2F1eoDcjhLMt%2F8nkVOLXMSoUUWDTWpQpfnC4ELHXBjeiPuI1fo2Gou43naHMThnbu8i%2Ba3OhBsaJHAaOG4b8xcEHWfrs1eBHwiBLeuFENmwcqvNgg6TTq8cCOJj5yjG1HgTPVyR%2F9L9TBtcUsgTKlSixqfWuDfo2Mx4xqFpU8FMdEK7z8LF3qU10FY0EZ9Xv%2BJQ4Xu%2BRblDUzFge%2BJ4BWFKF0y8QjsnhauNUkOfzEkh04LE6PDlEMijF9nH8cOuPaLXNB%2BQxYnplB5Fmb9U
45.,陈少熙预言家,13.6万,/l?e=63f0eY8hXM4dHxUBuzYC2KW1RD1GRvHVXaAPzykiNjpEGFlpnVHdt%2F6gzRC2nLtBEIyyyoa4nq13AzWgi0rpsbSuvrQrmHU22op3H8kLK0l2AT68b7T2N3gDoQzMvlbTculJbUv%2Bih6IJw8ra%2F661n00s3g4%2FEnX9V3IIW2dbn72J2QlfxXaKdVvBa8q3RkZcL9RSSblBPlGRuPFhWrY2gCwIa0WJg%2BUp3zAq8YLm8Uy9ElAx8AAyj1qBYtB5KI
46.,羽绒行业人士谈生产内幕,13.5万,/l?e=f20a5MO%2FAQ8MljAb3y1nytcETShoLWOJyZMEYTyXQF2rG5o3V9spJs1CYjU0jfW0aV0zl92QopLWtwZsFXl23tE5%2BBnuT%2FY6ujcMd3w7esi7jB7bJTBvWbZEw8sQC9sgbGjE41x5g8GQpjksCRsGavq8T3QXl%2FFF5NdO7ABxh1Ed5gnGX8IX%2B8vFFieq2HUZc2XnLyQ1Ervzl2BHmr2AXko42CHsIZAkj%2B4YfmCieh69bYVb0XqAmcVOgemTs%2FdwcskfOnVdxvSxqOihfYW7QHh8lYYi3KZg%2FINEpgD0StJW3S7x5SwLk4ZLRjcelSqaEhlVdqplH9GHBi%2FGpseTdJDjxgP1l9aw9rQ
47.,容祖儿心淡全场大合唱,综艺 134258,/l?e=018cgsHGXzyw3aAMFjOHYqNSAs8zgljlj6MZWFK%2BKXAoqMb3C640Dn%2B4G5xnYVGVoY9SX%2FvEh7dHZOz8hsINQD0JGpKSHmju7FdnUmZZqzU21spRxQHRpGuMWgbDC7%2B2GbbV9twWTqLNVzMjQYJ35L9c8EiR9pK2asjUFCsg%2B60DagDDr%2F3BFGwYLiiIME2sxTYDwfZGmP8URmY2PpbJxqRFqolIesEbeD8aH99n%2BfZ0cApzFLWMpwwnkjhWyBXvyC71WpliK7BUSC3zlXHbWpYIxDCNE5z8nZbiE0KIpv1zCwK8iEGB7zYVEf4j2B%2F47asy%2BkSkOhU7oxY
48.,张杰第一次平头,音乐 134225,/l?e=98b6CHND%2FhS4%2F2MZEwxP3IaM3G75WgYCLo19GswN65WgtPVxKnqmd33JATmAmgoS9fnSnDah55bWjUDvDXb5g47fmtBIcGmfYAlz%2B2SYuJIYDlcEctxuRbj1awIJmVYvGVNkk4mnQbpo92BCUA6y7Lq9r1PT5zn3cuFytUkUJwoyhcK6WgOVwyUZZHjGcaTg3vuMDWdT5MJH%2B0uQ062vbuVY1Dy%2Bmr%2FKZ1GfnKdXJQbkc40x%2FIS1P947QalbUzPjzYHhQQYUqB16V0ZSxfw
49.,筷子用不好可能会成为伤胃刺客,13.2万,/l?e=bd34TtlHBxx8Nwv7OuM5G4QSnBjTNLigKQfzS3%2FPHOu%2BHVxd1ITm852DWJSS5qqb7D%2FhDPWYT088RJMnO92Ln%2Bc%2Fp%2BQBloc%2FCsyjeymfobkOSLaUoXWy52hXSgvFvkPB3Em9LmeXA4yvUn7rxSqMRfL56hgHUBxxIlOFaDB4HabnZCvN8H84DhX4MdkosFkQEXJHjS06IVNxC80T77%2Bu7I%2F7waEUc4Su1IlJ0BtVGQvVYJo27RGyj1chFKy59%2BM6thztSUCEw5ktJfRnxBv1WpdKAedt4WU9YrmkC5AhOEOrslgKTvNos4KciE89SIrxbb5F2AiQcy8bg3QWeosz%2BUeNBz8amaFVvmyvEpVs7YSowTm0LRf4bzsLt%2FNzU5ssv5qUrmT7SMMBxOM7LupcwPTLjnTchxE
50.,巴黎世家售出8天后要顾客补1147元,12.9万,/l?e=cd43avcOVk%2BqV7kT9xiP7Eo0AI2zbu2X%2Bb2AvZ97Kg1SDg%2FmQABvDEIqMlP2rMNBOjjdRiNdXb%2BB1DDGKE1MyO1wLInvjVB9rZM9aGRayCnNNnbxDhmRhZhPehe9V84OKWcmXj%2F67gNm%2BoRu1s3zeQso5OBZ5JVPgSNKI6S2JpE5Xgw3dBT3N4TON%2BlFUpzF9xtUmxeK%2BLj2SHpmnYIh0P%2FFUhR6tUEoYtDz137sD8bk3yJ%2F07SpyVbfw7qxtk9u%2FR7%2BmtuKnHYd4x43SjwMAczV4rsuV7YUg8II1nXeJrPGZIvRNLm2%2BP6Ypktd9wlLYEOtjXc%2BC6R5Hgh1X96izVCKl3P8C01WOxLOwKScz7hkOg%2FN5nSKUR3NL4W4x0V1KgOvxMxFkjvToPm6xA
51.,虞书欣丁禹兮意林少年版,剧集 128838,/l?e=1656UiI4J6RzxONMZLrvTOk8sYVZGSCIh8nxJmMMpdrv%2BS5np3dS4gSuyZjDgzVF4SJKYTaiZzdv6cHB%2FZY9rAe1duP5T%2BAlBHB%2Beue7DA06my4WTfxMy1e1akq%2BwP%2BTH2PafuX3Y0fURD%2FSJDNxF8C4teMiXtkFx5lWaB0QkvGne5%2FRU1AzdxRqHd3PffUQMtouZq9AWdELEuVcj9YhHH0Iv%2FFaRgYaOT2VjHJPZGEmr3OVH57H4VMlcVJQv7k33hO2Xw36l%2FJP3d6dUIfUXdXmqgl9%2B9f82zKeEtc4rLwPjKiv0ErQF6vy8WJL6gijaWw4EKivx04iwkp19T6l7M45f%2FLKyyN4DVg
52.,上海体博会真的太好逛了,12.5万,/l?e=653avv4uSPk%2F4zcpxqDeWfPoSyRxfk%2FylkJxex6MEFZxchT3UvwYQdYdPnqL0Xft37csHV7BvSzWmXGZHqJxvke%2FzLqnr3sRRxWOPQiVbvPzNpPyyGGbmQail2ndHTF26gIlPptzusxtepVU05ItGqbz4Co0Te2KUAgfB8OKVXX410NcbzaEjhLuDD3XN4s2qU3ZESrPwd8v64OtZw%2FZf8VQuWSOJ4xvadr7amjDxtqq2nNOxg6vtCc04UHdlNzC%2BbmPmeUVSfc0asL0667XmS6E1aqX3VZcEXKEHr1hK2eNoL5U%2FJ5bRbacKziR8I%2Fm6lEN3zCtjqgQAgb%2BhPdqM4UWPBheJxBb2l8
2024-11-29,古巨基钻石败犬live首秀,演出 189465,/l?e=f95e5h0xOWPlnAImz5ujfQ8J4OKH%2BqyPyMNM5FRZa3K4kQC%2FEJ5ExOXdlAw3ALKQcsjVcj79QRFL1F2LVNHgcGuF1rU8JqcT3zWRGpaF2vdp9TTgqZ4kO%2Fwid%2BbttQTXM0DyYYpyPtwOI1YATc4wwVa6G%2Bbed2pcUJ71BVEZdzzkEJ%2BCQj0py0kHCeAvb95k0AWJyuSl6k6D%2FSl2YO%2BN6mpG101t9e0ey0scI%2BX%2BPBeOOLCTR98a69buuRZym0gVKcW40YKqXxNJVljwZrRl%2FFQCy0fTaOKlTrGKyxszCRz0sn2IftX%2BUd85eISPXELd
2024-11-29,巴黎世家售出8天后要顾客补1147元,12.9万,/l?e=245bqOnUOGKe8DvVXEEp5DKpnInR5EmlZZjelvpVMpRL9xyAVJGdnIQ%2BJ02lObr1NdAWFMhA47ECYVj16HR0SaBdedC%2BJGvGlNMu5Hv%2BHCktY91sQmjWs86ZOb4pa%2Bkd4jEpkr2oocMOQvTN3uG6BPqp0%2BEfhzxvadOJNkLH2yIYWIZD1JiGM20jcRfAUVlL7%2FYcr0tg9Lo%2BhwKAbfKNErgfvT4z4WULmm0YMgjpGXZP4w%2B463rSG8BpwKmTjZ4KQIHw5Hg3663gZ1a%2ByLHSVPwFurs77JW%2BMmPFD%2BA38YqYD8EORs7dqvo4oGWh%2BHMv5o0Z0hYCsW44f0vwGMGsuNT0JD1Z6tUwL9w1Kp5aF%2FfGP6jOFdsAv47XXHL6gUddcqJ3GpAgSqjGnbaMog
2024-11-29,虞书欣丁禹兮意林少年版,剧集 128838,/l?e=dcc1cwsW9ADYwnLgN502jBs8hV01rDUDUt1FaycVjpZu8qCIfwMj%2FzRJTxt9%2FhWCbVkZETm%2BjKd2ytHrInINnSgxJNRVqhZzYmj3CUgRnNWPc51rOmfItuxuaTb%2FxgT%2BUxCfdxrmBWEe7hJDr7yqHwJh4aTwDojGZver4E99N1uxikA6hY9GHKnuOQdfZn461r%2BS7I4iBm8cyYXfRDnA%2BzSun8oeepzuh72eKtITcJ1gy0RtmFaXIqLrj6pSuRPBUZLw5z3qRb5%2BidxQC67VTQEdZ2G1Fco9ptP0JNp7CIDcvcGb94tS2CGy08Qnn2d1KrmXSwvd%2BbOd2Wc2NqseequEp9T3J5%2BGk24
2024-11-29,TES官宣Meiko离队,19.9万,/l?e=c8f70uoe2PZwL0uaxV16KQauWjxZzIzEIPf9pjb23xx8rYzyjwzbp45H33m%2BTtQr27qGsjqKU%2FDFFAXITaBmHt8acX1dLhSeSudaPb9QW16nIP7LiPnuwUFAiM1UR6jfN5LSRh9e73IrTeawH1p%2BrV0JKAxuw%2Fv2LSEkbssBzBhZVOKF9Z0l8H7sw9BVkrCD2TqXkvXfa4YbICpKxBu3QVbxCo3F%2FPaH7A
2024-11-29,唐嫣灰紫发色,21.4万,/l?e=4e64wehabpwqK2CYwJpHosJYOrJ8xzW%2BAMKZ%2BLrC34PsPlYs8zIzZT2UnzygcIqHujRx7kOnGVAzp7dxXWNBW9qqW8PbaHHR9rEI0YZ%2BeiNRnA3TExBayLVurv6vK1lS6u9R5kiQYAU9n4b30dQOgw0NNkCRNQa98u%2FsEZJkB7E7T83bVcNs5CdTlkcpbzgluSw%2Ft%2FLHzV8asNyaq65bY%2B6rrzqa9p%2FbW5Can2BGPfDPwIAS9mBgIM%2Fy48H6jMI
2024-11-29,韩国人的精致穷,30.9万,/l?e=5a0aMPUkx3IwO2qWAnw1ocY7P%2FNHR00jlRBshVHc1bwtUaJFat7%2BZ%2FCUY1jPaGH4arP5m%2BvzeSZ%2BIU5B5bwdRD6Fzc4hPKFAh55hf3LHDO%2FmCN%2Bx2qlJvls7jQtguQVQfItqr5Xlv99JvFQanXzTCgT7zTmjbSlhJokOM8SQbTMWGaJ%2FTE%2BbqUWr%2FhfTSVi8PFh0iLMHSRyLCuJQtrejhrN835ZCoMlJAgVQ3ZyOut5O3V8vQv9MK2BI2yelyW0uJvgPA0YnThn4Yy0oOXI
2024-11-29,林一长沙活动取消,21.3万,/l?e=2399lga0RXQSGc%2BAqL1F5yriMdAURsJGh%2B7p%2F%2F%2Bm9IGr%2BzDYpJmODD2WOg83m5MFw8rtrKF5dAPnJsuktzZnIe3DwNwZp3dJ4ycsn9fVCoMA7ORrqddbXvdceOT4u3AA4nB6X7utxy1EMRuiUgISvrGGsAkTdmmMnsE58Z5L3FL6Hr6d6qD29glvWTakMDVJR9O4wGnovm3Lb5l3RMjiGOMMEbZqPLnh%2BFmhYpOYn%2BcGywwuJ5%2FZXmPIojloOHcEN4BICUbsBlT1ppWizuZV7g3pU6oUNvmc6t9qlHU
2024-11-29,年轻人买的水果半数是情感商品,18.8万,/l?e=b603Q4PyUme07lC7J0yjzqAxi%2Fsd3jZqgF0x%2B1icEvEbYc3HUt7DA185KQUt22%2FVPw%2Fgf1hqzwlNhW6ETTczhdwut3WSmgXsPbmLkHKCKLlPq7gdz%2FGlRjU%2BoucMfMREVeFgBXe88j4pfStQ8dAcPSItL6IoLJfYbz%2F8Vy3EM93AVGROK007W7a%2Bc1qY4RvcVcd3PXmwsdi8%2BeO%2Fml9apjxn5UzT%2BN9iZnpVgHcv3T5bKjORNgmyFWdHt3imasqZIqVxzMGmebatzYsJ2FVl%2BjLc%2F5cPJNZN5uTGIUon6dGQInNGqBs8G661kJf9DS%2B%2BgnAh6ViBe9KonuIsEAGwcxNDbsxMr33nGCowI7myOzYWGhGLus1VCD4z5N7H%2F7KA8OZnUDPkK5Mrd4pQqA6BMeSCD9BFRhw
2024-11-29,林一霸王茶姬活动,15.6万,/l?e=c1f9JNxBBIDDQijUY5C9vFKwWbvOFk8DdeOehCSsQkMCa3r2NL%2BSgaItcJCMPvY8QlrybyD9ITIOc2MGsQctc4JNwex%2Fenma6CneHMhDqbHm9eL7DaGZ%2F2ZSymP9Rs5qsp%2FIM9geg2y6El6GC%2B6NiyAcsFuvJw%2BpRppioao%2FxTXb4SzFbNXMZqbznMkWIk20MZ3JV6PgRXwFvWP32%2Fjubd8X1wQfhOC66SBeOMk6%2FV4Fs7nsM9tXGmPzyk4RNCAZPBlqXA57ZybCs9wYm56WVzi%2B1YTvSnZYQMcd2xA
2024-11-29,侯明昊无处安放的手,14.0万,/l?e=6d2e6LM2ESEI8uIDewB6ESKJsbTkOqtQUCcO%2BGKxNQ643GKMzRl1mXN2GJhzeKwQZjobqKZWOGM12Vx%2FAz2i%2B7QCsT1tVvgaglBV9VsBrQQ3ecAj7ONCEkFj1JiCdFjULHJxTdaK%2FHVX6C%2BZGMMxsRp7MluUanQl%2BkNr79A0Ob7rOdzmnphBrheAXw0G%2FytvKnWioF7DiVJJOtejWkMiNaWtyfldvqFvFqWuF9Moh5mKGxC%2FTM55WGxKKSNA9ax6f4GjykR2Go9o6M8BhUXYBlLuGewqJ2HBHhk3h4miuhWHeZYIp6NPUQc70QY
2024-11-29,上海体博会真的太好逛了,12.5万,/l?e=7332Ki5fTkS3AH8fSnbx%2FGUGoXu98DvZTfi3Fk3jHeJeFoEEwmtrwRUSs65buglbyKy5fMUcyuG85MZ3H92yBmmafSvtx8LoS6cyH0U%2BMrpIhZZtqJegVdSFlKKs9yUv8CKQaun8d4lyUrsM4se0KNBhkMqc60CYEPoTJggzJufV%2Bt6Sidhr6rCLyS%2Fl0DtYzHVl%2BkEb8os6qf6y%2F7inQoSv0usncrIwvJ4nm4Kk2m1SRA5R2Eg%2Bt15u23fYJA1YJAcO%2BVPp5W%2FQup5EoQ8eqwFkSD7YUANEM24oXdO9auiIRzDiexcP6QfJmq%2F5edEvNFf8%2Fs%2FoEldVnGW0aevx4448jLL5BzJP3PA
2024-11-29,容祖儿心淡全场大合唱,综艺 134258,/l?e=5938kRfzo4PzBn2WVrYezrrZKdXn74%2BIcVFZ6FdlSH%2BuJDjFVYQ6DrOoLRBFGmbsIPURuRANiGJmzUpyYhrKgNqpcDPsPkvoyHqxgsgbx6BykecKjMW4tL1j3EmeTxmqvDRuBfsYOFmZYlMrE2eweqt5CYvM9DRHgq27I%2BfZQ0P0wkDd%2Fl34y63rn6mhJzF3HFBCEtoWusCzMTh1fxtBosMEuTg%2BH7ZiieMsjPsCggB6CFMW8z%2FdYoJsK%2FnOj36ZbgPGvCT9c3U1R1V3B3uVztIBzCGR1WVExLEPtjwMDBS9ds9UMmHC07AufOB8B%2BvP2KEM4vLA3bPsvSc
2024-11-29,王源头像P了个新帽子,33.9万,/l?e=0383Rvv3OHVtbO8l2RKrkona9T9fjpT5cpGnZh8bcYCxS%2BWsKBzfATpDePZT0S3rTlki5ze7fijoo9r09r5XtWXAxeR1CcWvyyFNaIfVk48mMa2MEn6Jxus4uVKrahY4Ydd7ZDN%2FTeic4GxDAu8bB7Jzaosu9N3jD24%2BAuc93a7rP0%2Fyeb3dCNni57q7%2FY0Hh9uEW0qCY45q2TMTAnbPk3H4ckn742nlev6KyZhPQSoWOAnfj2tnoGCtPu3vp%2Bl%2B4sF82XWK2gQHcl7GaOJCa0X0tUt27CTvsqiHNMrfNhaQO1DPvvDyPx4cjzRg
2024-11-29,再见爱人4第七期视频没了,综艺 361721,/l?e=dac6tAnD3KHp0eyDwmPstsrfe0bDzf2CDoe1p6A3PCE9h4H%2By4hqxwYRiq9bKKuuiOXNH07P%2B4urvzz5cIWJYCIP8LJi%2BHCy%2BEHGHe8Z4R6AJeaf8VGBa98ZP55g%2Ff9yeZTF03IHWKThMDKnjRrBLX4TdWwPtnGXC%2B%2FrVQ0vtM%2FPAXAQshOmSa2S%2FniaeIsZD0SO6jDh%2FlX2BVmQdKGjcjeb%2FmCYkX%2FI5vDOoNNEh4MBA5CZwhyLBH56WdVENgndlRcwghPH9x8vRFMviL4tuudxrt6JPwfEQM%2FcJEvboiat5OqPQYMD1uZzGmEfJGPKX73IHYh5OlXSbaUQG8QDk6ztk0ZNV6NPzzQP
2024-11-29,优衣库创始人言论争议,151.3万,/l?e=5bb3K%2FZg9wAA8bZb%2FnNc8QeF%2Bw6IZinWp1UQce1kaNKc3J80NxiLuxQx4CoDqcD0lXwkAPlZvfZPwRBWur3Jnukp5UwV48PzWe2z%2FVBilNEZCC7T%2BvTg%2FpSdKnZl8AFlA%2BldxBKArd%2BpAEN7CiTokoKMTsuTr264xg1i77MutHiUfmJmFpFwatM31RS9H%2B66gWpBHPesCv5J%2BIUmfOvhpc23SY7U8OLNM8orWVU8ZMzkhqA4am2FXPvUgRQWVuynzX7bH6wWAr6lq9A8rgfnzJiVrgTH%2BB7XDD2PbfAibsXAITYnFHpaRDXxNiszf4sAND%2FpU2PThH2Fo8A
2024-11-29,丁禹兮看人深情是因为六百度近视,综艺 209505,/l?e=f235zO7EiBkiT%2BgYz%2FEfgH1Kv0F5U55PpMAXlFhnbAXXKRpF%2FZUusjP04Rxz6vXAfpSxrNpP714gs9UBJFjR6yGBlIy0ID7SqtHLB9vdeyGFXTBQ5o3CirQE8Yqch2OosiUkmrSK3JgXybt%2BWzuyePaSmeMrRPdvFV3RnTfHDw5R7z%2FrfE%2BFCOUzUor3PfAGUrdLi%2BcQT669EqUZvImiItu4xI%2BQw0IkZ5r3ax1I7QjIdyrol84sibL8%2FUyX%2FPrZi2PCS2FokZe2tsSwImlxD8AFoGrqCfSbTh06irUqEQEH5uPay2Z9hw6n7r51QPXF%2Fkf4txPptUY7P4O8OQgJX8tHuzn%2F4WAbfwkByKEy%2FM0DK9VH5apwb7S2yIDBRq%2F3I%2Bat4pJYYs7nnRXqh2sl2IOqEyK%2BFWAMcF3c49gTa6R9zLI5Ywk
2024-11-29,奥斯卡宁荣荣 新还珠格格,剧集 126779,/l?e=9ab9NOdEpv1SW8q5TyiAm8nnd%2BXhY1GIO0kn1H%2FeTsibKwQ1HBexL5vbzZhcFsetwQGWVBRaw3NsSxwE6R61BP2%2FdiQL8VIa5IkMMkzVprr2rGxG8bVgcCndj%2FcW7BUCtiqhiKW0d13axp6ROUqDJ9Vi%2B5W6NGFa3rffTnUQHmtH28BbrZ2gYA6771xjJWx8rnvs6E%2B%2BiVQEF5v5ptDACgyI%2B7poRdOGKVBDLNMqaMAgjnmH6phxhf58blR6m90pH%2Fg4LXCim4UUlvgD79iqJqpdcyJWToRnqrQsaqntnYUIds0ZVk3p5%2FK4%2F0WJLh09ynxkUc0rjaR5wZXVS4sDS8h7kr25cvE3CReaaWU
2024-11-29,丁禹兮 包治百病,15.1万,/l?e=17486w9DNfopnkg%2BfNDE36fjvHM7AsFd4A%2F256cDVp3Ar6fZZ02Xw2ikIVM48bLzH53fuowPv2G5DsxqnuAGQXsnggHMxqoQ%2BTWXvXjsr1RbHQ8xouF1YSQlI1JVEH21bpfRS5%2Bqbm3fnIPJoCFT%2BFqvKVMbRH4kXFRs4VJd3WuCTXzLVbIrAEWrXkuuDXvPK6aCOUafM082doWvT8eXKRnFCGqvzjgDMbEjEfS80qQueo8kR4US9kxTpoA%2F7XbQ6Lv8fEQfBH7m4OT4upojbFw
2024-11-29,孩童被未拴绳狗咬21天主人未现身,146.7万阅读 | @百姓关注,/l?e=3fa1NGOqhfQJ1KI8l8ka1l%2FQe0I4fYeEIDLn1WaWW1FzbuqTqexH9XfR7OLuTUz9jAQoeVAdWgltLOPI51i15rFoXMxnkmpxZSF6QmKZi%2BJC1HzvRCBP5KRAiblD19TZrkTTbQFbaQyTMcjm8PWcpvtYX2M5vMBog9etq%2BosMotlX6zlE7yiE80brLznsaUA%2FfhZ3dr95aAHR1XtjEyAIN64ce%2FoWyyafcHcRLe4moHN1GldLUK6AQeLHyqCT5qfLts1EeZInGChWQSNIwrd1TJvG7%2BXK%2BbOkJETR6CG46vXMb76Vr5wOZfuFUukc5iyVbR6sm5DjL851%2FE6JHe9VPSfasvlnIiXdslLpQJyklGY5NqvuA0PJ8f%2BzuiFwoyHdWZra8XwEBXjBM0KnTweXV5vFyDkdQ1KHA
2024-11-29,MRC对战GW,13.3万,/l?e=ccbeGEmVUcTRDG0vzbkU81kla5a%2FWE8tZ1BCdRFSgTiAaV%2BDJINPn1cSV6jJ2S7DOJlM5t54P%2FcOUHTWH8LXrH7PXx%2B3FEqGkjhY0xlFO%2FlOOk9udzrXSu98AYq1Auq2IbdJTNnKzBXXcwJYsHhqU8TrF5dHW7Y0vo4PPE6C9X1cZbzejoYzoA
2024-11-29,有毛利兰陪伴的夏天和秋天,18.0万,/l?e=0f854JJKMGT3jAJ3qCXHaNlkL%2Bh2sq6zs7iGXmk3gGFrFJoZ9H8UQ%2BvJkXGTgov4q9%2BMih1ymqOazXhUFY0mTuNZ%2BqEgTqREvMHGiSyZeHFbmY9BXbyJGIKoLOkh%2BwHssxyDY9G0nBxSYT90uXR1AoiDwvbiYCByaDB0mxduONiEsdv3qgEbKw46CUD4F2NeBYCk3Nv80mVRQpkg%2FLeNwsKJTYGDS2zOcMIma%2BQaAM0h1w8t2B7Q%2B0nCBW6z7OAsCp3TefK0kXSqtW35xd%2BEGLaLthDamGzM1Z5Nc4hpoRhsMIuYA7iVJvk7osxsK5taTPH0T7nOh%2FbryQsWw7eFXMOFp60Gn4Hdwh4LuvFBUpaPZjgixdPaI24
2024-11-29,南宁一家长称15岁女儿孕期被砍伤,16.5万,/l?e=fd75fcLQikBeowDrZE%2Fb60HdIFH7oqeU7nO9EqQm8mFdw1umxVNVVFBL70sfEwV5ffCSSIYT25fBM44p4nR3Mmyb9H4b8yGf%2FE4dU99FuRfUu6DvLCThuV84rTbKUODnaEvsZOP67lY5WqbiZHfEuR%2Fl7kSjGzYHcRZdQX4vlDoYx8LN0Bc4pyH8zi3IonfdCZmPx3knM0EYjnx5XwRh7fGU2uZzJ6a%2F5NtvuZtVddKB9%2BY42WYCe6OILaVPQhYev86DGvAii7cNWNoDK7vG5V2JKJnwE%2Fn6KjMNqwDpS1j56ZVxrvW8zMS5IlivlktQLrdX1AxLwUaZ9DA8pDHTFUJO9w4FSlWETcCLGVZOQ%2B5OfsdUW6A6UDRuJDl76WBG4blIckLuZQRBEeXaZO54KLCBFPCreY41lg
2024-11-29,杨子黄圣依 人设,综艺 141898,/l?e=3b71oHGv6rHRrsaErTnWQ97blLTaozc2d4ctdCRr9uZLvaEmT35XmURFOhnBS%2B1LoZ9BQB%2F6mfttL4gJTWcfcAFp5Iw6g3Tv5FLdkFlmK%2B%2Bx6DMoyhWh42zeT6r6DMWbSozaSBsbf1vBlIA33q%2Bv1Oen%2Br7qfBZqI5Pb3q9ljfo%2B5%2B0wIuZ2AhvAy0WYo6H48hp1Kf%2BuI2h%2BFMP1OCykT11hlVwG5p5ENkmQnKquihO%2B0Ozrn8Z0JqmoutL8qSKD9%2B%2BjNf0oMlSOiER8c3GbWIM
2024-11-29,张予曦 初生天使,剧集 127019,/l?e=d2ebpLi8hrgdi9XyasEPpiwYe0s5dXESJztww9IV%2F1jmZv3o4bv8lPf2EidHLid4FBgX4oWn%2BR4aoYyYKyfLxPOHE5nGUkhDL6ONdjWBbzs1B2Rs03LB6%2Bb8Xz2K6hyPvj8YysEf%2FNza%2B55%2BD0LedzqDzobXdloGEv0YKCwWmCkVlJ%2BbPplU1wixURTs1GcUKxXz5PfPkp9XreqtGrIIRAs2pdjF%2F4gO5wcTPEVlDB3xKl%2BhcsiA3li2%2FQ34iQVAM2yuv7nU%2BcxfHX2Y%2BMDPIQU
2024-11-29,3人1分钟抢劫金店价值千万财物,27.9万,/l?e=827eRXFIWWkCTCL1CKC4FQ8T9JYJg8fNWMqYOknPdeDqIAdFVC5eFKo8sk17J%2BOLX3pdXQ5FsS4%2Ft72JhNstJs3E9ugznryZn96k38LYVcn5RQDNSXX%2BjjHdRyKqUN%2B59qBXbNHCWge6P9zowXsFyIwlS8HyIP3gh0aGbGgNW5PXkvQU6Sy6QQ97fAJem0fGh1%2BsOxrkX16sN%2BM1%2FBE7I5Q8MnEgxzhxPV8fvdAb%2BCdoT8xaPLfUmasrnn8%2Ft0itSd5ee87bfr49aGK8q9XDN3YHG4E7%2BLmu7ZmcBrmw5%2B2OaavtM3VpaYAAp6fJ4mN5dfJP9jPAgP0XlyMTClmRt39iLiaf6GIRYp%2F74itpP%2BR294%2FK2EqdppDoV9zMV%2FY04rP9SqmK8HbdWg
2024-11-29,派出所回应山东一金店被抢,19.1万,/l?e=109dyyakkihZjnnSXn8MU9T8CL4dquCD7AszSouwwB9DqeUn1PG2kmrSRX65x2AjfIEUkrFnPOeCJ0Gdq4LO1pdkymiviXkfscxz1dzHlYSNQRq2Nx89aT0y2sdVi92IkK95J2AD4Ai9UkCUwCf%2B0Ou8N46zGgvKvEofIi7i1HMowFawNrbbJpBiyDuRjjOCRUOCr%2FIRoBSnaIR6ZewEJ4uqBLYbLf0VSB5dbfehAzPp1H9o%2BwmR%2FZf2MgRi%2FwyxnvilEcQlWI9%2BfQ16Tl6nWkKMzABKzIhopQZtF%2BkTtM3Shwl9Rwh8LIRhXNvwKt5zDXSA1pqg6U1tMGzdJmseT2zMcbjDMrWjeFeDLDjxsB8k6pPg%2B9sC338
2024-11-29,珠海户籍居民可一周去一次澳门,15.7万,/l?e=2235itGRiQ99QgxwpD5zWVupqWZ6OeRgS0yx%2FvHcxCm3XooyjR3YYRTLnc4aZssOECys0qOOqQtlRyrDRAJYR59aQ2e%2BPUzQCHVugqlM%2BPaKDfTwrvwqW538hTAB1%2FwUxqxS3n91NP8iilwP5RsnGVRz1wN8EAaXxOUyb15l3rrAds3f7EitsI1bOvaWJCmqIE0%2BqmU6uI23cuLNOuVaFXiNRNqelePZ3n2aGWGy%2Bxftqrz%2Bk6YKx2qswAH0DvcoZGUG28NCdGkYMR27%2FIyZSJ%2FnY%2F1IdiKERJKEDM0zsnqRMgA5gmdBABayr105%2BdcnhlUsNrgqlfXZnW32SiZcnvmy%2F4dYgvZFRxhxzBP1wzG5bqhgmqhMJHxlGLbRGp4%2FWWWf5uakpFM%2Bq0PGMAWkdS1F%2FmJcoy8
2024-11-29,蓝天救援队辟谣外卖小哥海上送外卖,,/l?e=3726VIVijZDHn6Sr5zhu6lgn7cylVtKUkoGNU63rkhhY%2Bj2hoTTsj%2Bihe5ZiMVYoKown77eB4Tk1gT%2B6hGmIRwVSxPZCRJ8BaABmEs3Ow8ny6I550Jbo70AblD%2BUkq5KbCGRsx%2FiM9vati3zj1HDYbcLdB5P6mhpM0KGNk0UJLYgrsJeZTlPJmWaPrWDLEugAGymRjivK%2FF4JHah8PEsFh1vnLspz2X3BOrtoI7HomRPoBbe5hArom8pGep9KkuYsKETbhRmX1mGi1VZk4HjGjuf%2BGQ73%2FlLp%2FN031GcmBWmNGOu6RLlgIWFcQRCk%2FKrFB7YJGwCYdFKeBa9ghoB9TQ4Cy7FOS6h82dtZZPz8w0IS1qWWnNVVDfgM0XeB2Twna5MTa%2FoCKzrKFbENPARnBRGoS0eAErY%2FxC7kWoWFwacci7u0Qloi4xYKYyLZQ%2BELGz1GQA
2024-11-29,卫兰她整晚在写信,综艺 136195,/l?e=b4beEBzQ4QqJuqt%2F5%2FsAIdaQHy6aF4W%2FNjDJJdUV2z5ljI6t%2FREphU%2BV3envHF3Ov5sk7NVDLNIEtB4caHeeXAwthvTIZuQtoonZH2u%2FBtgiSixPqkaKggHszUuXYiWMP%2B2d6C2llK09j4JtPUFtFlv3DJZP0%2BC%2FOFse4Z%2B5wXMX%2BWj1hFlE5UqmcXPMKD4eoLZfg8tPLo9DUFJROi8fB9BYZ0QKpVJpWToO%2FpGsQ4TmJaC0Gy0dB5ratXumO6SBSCXbnU49SrQXXjM%2B2%2FRQssvfktl8MRC4Dv5qHv0
2024-11-29,鹿晗好拽,40.6万,/l?e=4cd6OAAtGS5kCqskBRrNFrQQAaTBGSIzx74q3BbamTH54ibPKAiCwpdf7n716okki72pxdhOVng9mwM0OvffH%2F2yOOxNfQl1HWJBoFVttTYJsLFH4ZtjDUZaOzo4WZVsRW%2BrodxOztPX8t8WrJCFlLbP6qo5DJ3AN47X1jZCoZIVP%2FFlvdx%2BGKgB%2Bi4AxdAJ5RZ%2FkJItLS8K17NZE96RwPo
2024-11-29,108是法考生的幸运数,17.3万,/l?e=7f609tvEBKw%2B1a9OZyU3lZkwn0Sk3IWel71ypEco85g2mumm%2FUPw7hgUH9%2FD4jO5eRe5Jr2Rd0NnzfNJ2Zs8%2FKET4b%2BmUxtiCA64iic5EAslPmUMsjHAymSXro8NeIkEhdgMc%2FgQtpiopu4lEU9fpFWbLmN1HS%2B5eUUd5fQKoecg6O4NUtTHMxfpRPRcCbGnP5AGY5CKuVSPsL%2FhxNvAlBGE6BMglTRYDUGLcG8XchWrUlbgE8PZpWujFgwqWq5WU8sFvFSasWuS9faXRblBUOvxJGaHtAzF4sxRkPS%2BU4k
2024-11-29,NewJeans解约发布会后首现身,16.5万,/l?e=b057Tf4STLaZKcAzBe%2Bk0dfkkP5BhilpTdv59tr2I%2B2%2FsRYawkiIgymXavTba7EddSzMdUrT6RQLsfr%2F78A%2FwcmDG3BBubYs2qSpZvh5KqkiAKNijkyMbhoyVQMSKcjoTLMjUCZH2xtzTY4Xn1OEF750nOvtU7isCCuTXm48v7xZrzDXzi0NUwEPEI8Kq5c%2B4%2FJ0oGOvjGMnnjp1hVOtKPKS1jpY3b3EGDHzuZuPyorlrTjWnFnA%2BXuY6ERLlXaPFeR05mRutxIxbiX2JNL3lEeSpyH9jfuM7yN4ygbcu7xSJg2cfqi0muHcsfau078WbE90ww
2024-11-29,唐嫣COSMO文艺女主大片,16.5万,/l?e=263akPzvt8lQY%2FpC1AgyXttXYxvgxJZP4Bm6vX%2BcCSimNWajldPIoihRZT%2FhhTxa7ivnf3kLF%2B8m6FvxlC4sjinwXlfF4TKeQgFScbrmhYK6WII1uSiKyzpgyuC4iTmqhJLHp%2BGLrsflYo4Z9x2yCYqrXXfnBMs62Dv8wlXyHzpnj7b742qUGQZ3TkrXpqobTIxx2Hy1kbxrug9mrLRvB9d9Dx8IWE%2F0r14MDlXvmoHg9Sl3mxHAsCPHRrKE0jXX32hC8DCFGpAtEbfkXpiKqnkyKtnBh8pvrwV%2BYCrM3eUwFA
2024-11-29,何洁时隔十年再唱rap,综艺 181138,/l?e=a86e3RCJtUr1SYXr2mRhn3fwQnsWmxhWJ8x9rKSd38Z5DZqLywtvU8J3Sk8E00dTcenW5s8ypl4pLAfAlaoLkpgy7D1ZxIpn4WPsiFXlISBPjrF%2Fr00%2FoOejuLKRkP51qjMw2FdeoN2DHgHKuNJAfyvjmOPNGBzcF3d%2BwjdKVAHjGScpzXwKQVFirsN8ABaE5z1JVg0wB60A5%2FwqPUzyXFnpz%2FPFzMcI6B5VJEcUEpg8swtWeeYCwP4JPsHTORjPLCpqMJ%2FPO%2FWLTkxc2YhduKHWmGIwOsC36cG1QWVySUM
2024-11-29,古巨基cue宋亚轩,19.6万,/l?e=8954omivMrTsviSSySfCzGTiny7CDUE7wj1oTG4ahZfNU%2BXbdQjXRNkKJZFKR9WGI7%2BQmz8cSVre0XOYo%2Fq6cF%2BeSFekfEjTR2r1sf1f%2F3o%2F%2F0eZGdszZR4mtxY86dXNNS%2BmYU49%2FSGX2vOWQ%2BSFE6%2FEnT3H7czsxdhVZlk5v8u8XNREek7INT7IsRXyw1dP3TA7vc5WUhttGUJY0WnxcppWWqy2cVXQP4xL9rTTj91iEue8OxrHcgZkiIiwwQoHJxw
2024-11-29,WBG官宣Crisp离队,12.6万,/l?e=ea5fF2wB29oxs%2FJT4GRv3DO48THUK2OUi7FAjMhQZ0qRgFOAxVKwprfx5L%2FT9xpQj3CAruv0xjHLBHQAN%2BqPjpIt7ANfk3Bm6skWEN%2BFUVo0pVsdSSCMw6QkaiU%2BlvxtqyLscbkowHyC%2BJG1RoVgNY%2BgvWsfoWOGEe9gaSgsU2DHNpYgTmAOR8yPK%2BL%2FXAbgZ%2B5QIM7SjOBKUfokmZ3Q1hMvIY9AfClc1w
2024-11-29,11点05分是郑思维进国家队时间,14.3万,/l?e=f8fdPERyNWIcgmgJrE2bFtYyJBWe134nULsenTKsG13NMNuKWdBGs%2BOQYK%2FSRMZBkzhMGZLaONzUKTbh%2FVQRdLqJ4NGBPcm7ET7uVx%2BilEibU%2B4pswUjHARqqZ%2FkEPU6gvoXtPcc7NnZTwh9mDzzYPek84oSDqr57A%2Bas0fWSEcKhG0djuQ%2FoUcjzvNsT%2FUggdfPxPmz1lQNhxSqxstbYmV%2FdjgAikTZmqrJQyeBUvBSD71r85WrzYgB5mk4ucJf9FVZHG49JbeyVn5Gj531NdEGr7w1vJuLWxfIxCRXX1%2FIWrvB9TkBt1zNhViYxibCfGlmv2TEaoYXEmto8FeEs4oenTN76tDBhvw2PXGuq%2FmX9c7robRNf8PgKLYH
2024-11-29,黄雅琼回应郑思维退出国际赛场,36.7万,/l?e=70dcGDxPUHiTBbxZJG61kJs1MBdrC25uUPr21j8LeoeHirg6uIScY5TD6fahpMz1eSg9cjIHOjQhabX1txMxcAcEUyem3Ry8myD%2FaM5NMTopR%2BfwMGNHnBER%2BVqcLNunHzcexJwSzJrHaAMlfHYYjYaabmO7HOd%2BW%2FuTrm240RvI%2FwiwrWIXnnLNsO%2BcWuidgvA9mqDZZX8SJsLX3sQpcIOk7vxTKUdj79IeW%2BMWx82d2JnRitqdhkhEIQUasaxcO0TC7uNG7RAw%2FbfRYXIaySDkUFo3BxlkbAhqt3RV95iqOrs3AyZ%2FmrEo5daQSawgO%2FsjuM%2BrV4OoziglaqUcfDiymj%2FFTCkfLmskbYLovXmb8BvMTy5QELJ0Dym%2BAkJk4XnZSPoFJTg6Tw9mMWUbjoeNjzWRTdk
2024-11-29,中国奥委会祝郑思维一切顺利,15.6万,/l?e=9418aJyOh2S6GOt%2ByRiak18tlllcw59hQcx%2BMc%2FTKOgPwi%2FYP20UDCHyCy%2BPAOfVHMwzSlg%2FCMHmFIosSzFZl2nBQmgh%2Fhn8DvVrhkdIj0o%2Bs9e2d8uTP7JXUsJaNzN0iQ0AXDOZpVbsys71SAHt6mdLULeY9yN3rGGBVd9IqOEu2sJncwgkocgbgyfKc6qkBsRdB89z0OzLzSIMVfIS%2F9UmTnRsdoKXTwnljvxLSxr1ayaRIqLU9bukR8araKG5M4FKO6MnvgMkMqrGssy2BhatvAxOha3jJELFCIZugAeuAryvaRcwgqftvtp4J%2FcSaznzHsMRiUJO30rLphSU%2BuvLrlpo18I%2FddPQaouP84HtVjhVilh2fe%2FF%2FfDRVdqlUSCJaZEB9FY
2024-11-29,陈少熙预言家,13.6万,/l?e=2347vX0AGH%2BvvYFEAYYo%2FYOnIKT%2BKFWMDj0xiaNUp%2Bn5V7Ozg%2BoQHahk9u9CLOuYjJKP1ze5dB3TNEt5JJEqMdRNI6YPsJgpliXn4GhSu9b8G2ERrS%2FJGmm4djcFzSr2THDdXxudnXDBWSZUchN0awaICyW%2FjPnNg1uXYOLw57nxNhnM%2BbC3S065YOiIFEHMuFHJUxPpejWhFpixjBKEDnD97QBrj4Al%2B0lvAOz6smkvLMd%2FNatQK9ZhMNESrLM
2024-11-29,羽绒行业人士谈生产内幕,13.5万,/l?e=01cf5BWslkBwTW4CO8XeOIUoFnm8OiWZtj26qulnWns98gNiI%2BKHue3QnfmFcncbiml1JL4gQTeCJwd4X7znBjGdknAEDu6tv7A%2Bt4%2F0QpTv9XeZYwWf4fwBG7F%2FkOSl7sA9lXpaswAD%2BXdyeiIzLHSzb3wtL4K0s7G7SRJ2neztmOCC5v4pMlVWuhDxUfy4hvx%2BEKEY0BvJBwPLQQw07sRfCbxQMdwz7QgtRHCOcizztH21gaYvbQ%2Br08lsUacUxOWD6WMYgju0S4fiSvBO2Xpb51FvC7FdkhU7da8Mb9ifbrBMVTWnjzzOIdXGVnuTRbgP85CWRWGi0PTmAAxLbs4eEHlp4%2FdEZxU
2024-11-29,官方通报学校食堂吃出青虫蜗牛,468.8万阅读 | @新京报,/l?e=01c4%2FjckFd%2BrLvvp5eYPxg3Td1KC3Pvhl7TLP%2BBi1NIC%2BUAW0kfAZW94g6ucU7ampMj7lvQryrUCL9Jo1LG7KF949x7fsKe%2FZeB5n46rG5TScF3fh8nEy4lDRs%2BbFpEWKb9TIEpQnMNQKTG4J7DRB3RxLveyIxGkBEziAWoZNonFDZr%2FCRE9FQS0NLfYEIrPvi7CRlPAjBiJgTUP%2BGRZ%2BzgE6xG27pExOjvQExRmdBjmBC3dZX%2BUCatfBVX1f3QV5TG4aUaZCqfUv5Hy8esEJQNNQfzHS8BhseC4c1vhyPS88X%2Bltgi%2FRfYYxD7FgJOUXRksoqZvrzboY50Fu9WbCMhjfEvN9voLXHCKQcPue7wgpdxHjJpKRwHxKmW2cNqK5VsaCLDXzLLYMvK3u8eROoEpxHWGNkw
2024-11-29,婚内婚外老婆情人饭局修罗场,剧集 116034,/l?e=214c%2Bu8Z%2FPzrF1pKu2yYzR8OfYcYSCTw8%2FxqwqraO%2FS14Ucw7TXXx5YL%2FqD%2BhXKgq5sGAYJgOihyhPpIJo80rGj5By41D54BlP1OUo301ShIzad3jGF07BS0MJ3KbBYgofBff8FjJ6E9yzQq5t23euF7atdxr9NAf3u6DRGeUkImI5RyqXlEkyfaaCXRKPqKvbEDLt05djYtGWZgrop04eb6xDKBjpnyN9%2FCmyGfxGCWO3XOP1Rk2ZadxldfecFi9PpIJSAw1ElSaLY7Btp6yxuVMW7TKx%2BRehgjRFiUhe0mbTSdoxf8WcM%2FKK%2Bzv1Ww9izfl%2FxuAnVAT7mnIBczynCER3Tqrg4rBwZ08hFtw2%2BtE7%2FhcT2ViFD6x24783JSAPM5ayhF2o0
2024-11-29,Puff和Langx和解,22.8万,/l?e=258dSaD16%2FMbgZIsU9NtHG3gDca2pRCsNLJhgjg15jRqT6PpUXT8XtuU%2BvqtbaCK%2FxEl3pKGTdfZda%2F%2Bl%2F%2BPeQc3Rul0WhB943%2F33jbF2DWKOkR2ZPiV6uWN%2BNfN8veJNH6349lHp9k3mwVtefTfGEOueh7uf%2FKJjH2dBaCOtL9Lwnko%2BJvQpzBunT08fBmG17VABbnAN2fB07o
2024-11-29,国乒备战2024成都混团世界杯,12.8万,/l?e=fcb4Uh%2FdtfyNcuzLU0xCwS9aGzHNruog7rGHnJSRmBjAXY8QFS6AsR%2BkhL%2BBl%2Byxqp1yMsxpGBHA8R3nwDG%2FeW84kntrx%2F2yJyDMVduCMCVdqp9GtxPWEAEqyLYZGwnxf124nFtRPSpqNEYxKrUBzNfBelojK1sDNYQ60ilvnBuulSGhuWDqU%2B0n1Rt1xkr%2FGpZC%2BkKV%2F60tUDKGspkfRnsbaIq5a7LntO2D8xKMTGxRZfKEKWHk04LNkKyd5icDc2L2wAVR4oXyy3mWpy5WduvdauZ79JeuU00J6EmDPMl6Bsn8aRLysaMs4z%2BkZNIzA93mVzgGYOWmb%2BTCUg9W2nEzbQ0Dcb0W1y6RWnlB
2024-11-29,苏新皓我记得那天阳光很好,22.6万,/l?e=d6725C%2BJzfqMIUO1hSMtH5hZ14Pwq3%2BapbBiSucT0rwu6Tn%2BTZtsNuUTVwRA8vfg1OMJJ92kvPPm2R7JPC%2BeJmpbnbb6kcMbFLEWuOBRQLV2fjwCqRWnaU150BNFxqCl51cG%2FmVVAhI%2FN6HNtHqPEGn0YfuQfyh5%2F2Yl9KuMsoQq7KjePqeZ37xs9lWfmrGh84WEhzntcYoY%2BPTXmHj%2Bp8sEhuraxIvO40Fv8ncsIKrTZzfJfenliSLXFI8eaD2uAR50pFCg3nCdfgaxnpqLDsUSfuR7uKy80Mvo2xwDaIlcThoIIYcYroXQzWRPB20XfzLwugqhPgNMQmUgG43j9At8JM1BQbfjQDeosVUftNrDtRx2RpC19SM
2024-11-29,金泰亨单曲空降,音乐 168164,/l?e=6e46DGOUPmm7zL0L9HDAU3uKzecQLPCOVHAtUxUfCaKMx3YSEfsoBbYaVMqAb2DomrZfPyRbFPfLfnMCqQXhwuwXXS3bytPgugnwDSNi6tUZojZ4orUPzafDD%2BGv9owd5ukohMn8q%2FM%2BYkydV5GOTMURGdKhVr%2F%2FlHYBqEV9l%2BuR80v3GP5XMvXSBlxlmLolZQrCvis3MoLRulB9ntPDYZnQb0zieyHp5ArqadghhaC%2BrXT9zuZtKnUfb%2FJcACpqygRFqc36%2Fep1HTdXH18
2024-11-29,唐嫣粉发未来造型,16.1万,/l?e=52ccV7SV2towOy9AGUezTXj%2FMZTHqUnBSC6S3kefeObtGTvvNiYv6adQnSJktkkpnhbyxzZi16NX%2BrJOYPt5KmOMqmVwMhp5BWkuS19V8Xinko2K3ziVyTlmz1N6qxPlrQY2gKXLEig1Xzcdi9DhHhD0kc85Qzn7Vmz%2FALlBqsOBXIP5P2tQgx2AK4BG1rbUJhqD%2BDyQmRF2LrVcEVMIDUmiVIV2GUBMmgj1ssSSM8rqk4fzC%2FLXXqlhd1sh%2BFajW7WAqflgC1zqDLxv7x9N9FzpVMYaTjYJZQhKN4w
2024-11-29,冯绍峰接想想放学回家,39.1万,/l?e=5b549CHVJQqBMmSBfr62REmCf6UDwosUCjGatdxDDrPjfhXRQl%2FGFhLlJAGeehCmQOffsBNO8SJ4IYrpriwSnfjRFVQacWmsfczvuUeXyQ25yZmrwrn2kJMybBL%2BMHIWfaL1l5pp6MIQk7EfdT8b9r%2F4gjWTgsdLGCmGHPCZiQbeHAEq6%2FCz1SWm25oH8w2rTwgwMkKNrDFqX%2F4r023ldWPFN8bTfYM2tBNLv9i2H1CkoIQ%2B9B5sMO%2FvYuFNrY45oMXmFhZ3LV2ZF6dXmNTWuuVwyXK01lFXUfrSM24S2RdtMEpUkCq%2BnWUTYuZtmd3uH%2FDUJtJhuscLip0
2024-11-29,冲锋衣成顶流是靠什么征服年轻人,13.9万,/l?e=1f3dNyzRP5laHmyabi9Yz4r2Lhm%2F9GlPgEEsIpUgZSOyCV8n4yIsw4%2Bwh5o3o7XT5RlkBeUDylXDnmAhxMVJ5wNtGCNzhH2sFuWGVDRqFjJDosw4kHrW6h3wSjnxkGE39HoZxDvaZ%2FP1K%2BNgTbcSA8%2F8SdrEXSkcWXdQAQo6DiJfC3V92jUHDp7GK6036Z5m%2F6reSrUnFye31WLO5Koc%2FDchG3ES9rq6iKf6O69y1YrwqiRzxIPwc%2BHHtbUrwNiwNYG%2BkAlrvi41W%2FXMRGw%2BFiQ9doU2wgMh8h%2BWrcBzdaQS4YyTfmcavuIEmAJSuRfI%2BwOb0vhdEZwHLflIOZhxP9d33vIntzSIs%2F5H23tw%2F4u5o6hBhVZJwi%2FKHIEQT4SOO%2BPUi3RgIbpzqFKnfsigGymGFD0DXpIpb6jl2JcLauMt0wfoLa4
2024-11-29,闪耀的恒星含糖量百分百,综艺 186584,/l?e=588d9P69UiaLVyI4pUXW49FVd%2BoSZsK84JitLgCI9oUrm0j7Zgk7dcgW3JyLXwiv4OZvRD6lZ9%2FkcdzZ77GTBYNaqSqkztujsnRw8B430tCitGeHdj0dcnrgDLh2tAHgqmfs0%2FioBbeOd9sCo389M3dImgVqjMn33VqvQMYHWfE3Fq3WzFZA3mxcfb%2FrOHkIAKJArWU5mbob8%2BwiX%2BpdWsq93duDDkluxuAKEWk7vgWaOC10pnUyLdz1C15m8hDYpTJiIcMwyIbF4DsqgXBAfbxjAme7CR57%2B26t1ktr0waKrw5VvtP8hbk4llJC5hYdNwRIOaBYf%2BBgbI9H53L6y58H9GlUBqdRR2w
2024-11-29,赵樱子出道12周年发文,19.8万,/l?e=bc29c0oyPniJ67x293xQrOb1ACZ%2BkmvpprGwyfzAEifDy7tb1vc7dG4CFDxIjdwrv5aFmmXbvqEqdecUhAk4mhlErOaVUBSXFBAPhrnMB%2BNvJWxaIPDdegE9i%2F5MEFlSnJQoFtS5z2alwW8W3LDoS%2Fly6n2ecJD4s0T1B2T3K9nmfzYBXUoClRVTWUV%2BU57Ft%2B4uM4ly7lbHZdPv2AOPCGcDKcOFCx8dqUDi86d3HDCmkz3wgu4ZkeN6mWo%2FNPV1gvSKW2yTllT0hayIYjytXFRM13lNaYO0fm0G5v9%2FGOIcbMo6AHyBEw%2BE45h5IQ
2024-11-29,世界羽联发文祝福郑思维,18.4万,/l?e=12006yzVN%2BHzU%2F2q9N8Gpu%2FX8Dg0UCeoOu%2F5Qugeu59bokJggYleY03hOtpxJG7M820k84TMxVQxAYsw1X07ojYUa4K54hBW8khq%2ByLfN8iwksyWS5%2BVYZxMc67CcJBjfxQeP49EgZGMIWG2B7HuUD1eOMJScKu2pDeS57T66DgSBaI%2B9CRevg8Gmw6A%2BGLUfKB02QPq%2Fb8XpYRv2w8XKiLEBaJtqA%2BH7JWuB0W2GYd2RRqm32hSBSb2qAaHjbi5u4psUCXhcQe%2FYjc1n6dpr4UueAwJZVIoCthtYYDu7Vl1BY6n2JSP7U2jTDUr2Z9RBi9aorN8OaRAQ3fmj0avpY0FiJ5goLNKaeA
2024-11-29,卢昱晓看预告片才知道不是自己声音,剧集 156116,/l?e=a1b89gjRPBDWg8zl5GWyGweanmVADoNQZa9p5GdcmHgoSGZht%2Fhb2Wh3f%2BKTSzNOkQOs38k94HNGSNOBR6DEZC6dlDsMNOL27q%2BcPthOeyaAbpywGCw8aHH7U7IHL6YbwihZK%2Fywr5r1pGqO1KnexApd%2Fwvo1aShGz3at7877Q3D%2BDbjXFcMkGhaDDJ7IZk0vbjdcDA78eTnVR3Vc2NHczDPmaYol%2FwfUC4rRs8FRLnYv%2FU0lSRFPZkYDx0AtbE7SpKW6naPutxtjM3sbTzuoyjVf1jRz4bKuWvSkpSghfWsSVT%2FuZouXknN7%2BAfJv273buwnxcD91U1XHnhFmr84pYx%2F57FuRaFfT%2FY5dwxBiVMjMUi6XPGO0f%2B%2FzL2SXDyRlBjgmaDYzQnoxQp5QfhzVMRGH4AyMqQ3bDGzeO53y9RFt9ZRfk1ANc07w82ELC8DykInwE
2024-11-29,孙艺珍为2岁儿子庆生,26.0万,/l?e=5825%2FPzk0TlKnbWPnSgPYh%2FyAjPuzvI3iCrmzsNbqOofqtQa%2BreibYq51xHRByvnVCtMJmG54L4X2fiCxFePYQ5dySFJyXwXR6vJ0rMS6Y2%2BzvJz4uuxrL808Q8Ac5MFBaRUkrsWxpzqFWTfLsvabBuXaia8VlkhwXMw4AYv%2FM%2Fni6DMhhEmHZxS%2FPrPeSQBB07WIH1tMOw1iIEOnSpgfzoeEoMNFNWYrMRZdtE%2Fo0bgpRlJxP1in5v8VN2UssrBb5a5YQt%2Fa%2BhyaPpg%2BJnZPG4GdyHkA0CHYppVo405CV6SLSla%2BSlwbWg%2BuxFG
2024-11-29,田嘉瑞新剧民国版杀手不太冷,剧集 142358,/l?e=2a3eL2P4CkS1MPbsViw7d7TgsCvMR4EOnxSorFM1S2jgj%2BDLHh5umF588oGaqI7JAyg1%2BnEhVPT7Do1k9EK1SEyhsLu66eamIIjutAz2WOf1JUiO1DB9e%2B1p7V9cD%2FepOyaSywK8jKjCgshxElm%2BtKDzL8%2FFQLrXnTp3HESX3V5Xy0FidMR%2F9RmCW35FWNtfsEYhAlMTRs5JcwqfxDiYaedF7jE6w4%2BSOtwWDadlshPWnCQpfjK%2BuEahBwlHtetb48p%2FzEP6UmFh4Z6noLu2YrEec%2BiJWAcfmGtukNnoZm5RQfccjN2UHKT4HP%2FfI8JLs8mbMwhK1Ew0Y6y8nGW9czl0ktaPus%2BBX9GyOmBVg9Hn6jXUVdupDyZa4sPunflUFJCbuF9GAgU
2024-11-29,央财教授称股民套牢是好事,14.5万,/l?e=15c6fe85%2FyDwn8GN9O4%2BOhhk5waM8FcJD0ok4x1ECuyKnYBml27j44ydmcJk41BHGHUE2RBA8e4a9h1%2FSFzYgEwq%2BUqwVIvretSR3Kd%2BOdxtNKqHPc%2BUWGa9vXJhmCrLkydweIpDu7BeOnxyDgsfaKGtcA6Wb5nOL3nTSa28JSbWwETEZK8K7VMscZar1uRZHIkrPbzIn%2BFUuaGZ%2Fq7Vhih8QMUBMBQpIGfV2uCff5E8B2TQH3QeUlNKYOV7o3mnpeUSFMenFbc8MFoZ%2FL4YT3uLlMxl7LZSOiiHbNT3mh%2F%2BiBtXck%2BVEZhcHKTctkJSeghzkgTcIDBni7%2Fk18i7RR%2BJwrsyPNeRGxLLbxjiB4jqNamhEIbh0Ic
2024-11-29,看雪当然要去吉林啦,11.3万,/l?e=9f35zI7lJH9ePkbCCDJGsPfYVpFowPfphS8iqiUqxKFj9aRInhks%2Bs5mLjhb1kY0JK4qt0kF%2FB67kh3kAjVQFM51ZOZDMY9xIpMUrBMGkm9vIFwpElIzB3%2BlbpXrkJ%2BaDqThjn%2FYjMdBv62kcPUW4hT6%2B4SVsS5a9wp4Ska7tnOHFurBKOy4OFTL4Fm4ZtZLdTyATTU4PEjVP9Mf%2BMspY%2BfMZKIswKkWVLXBUc93XGT6IDPZAqty08GssF3NgQSeoU6Afj62iKaA80%2FPvNXbnzUuntfQwNJoYPhQqxYGjic4DODgJtZ5kqVJkG4
2024-11-29,筷子用不好可能会成为伤胃刺客,13.2万,/l?e=665fXaUiw7Sw%2FE24SY23XSRSFlGADBrjWl37PKzp%2FcAWVt0zmpxgfmsQ5mLBYTfKsk4mHVXulDPRVNmwnxMSBi%2FoJ17EDLD3Fz65IzscN%2BPzVgZxQWQ9D0Lpphp7GNruqnhkCZV4ShjMr5Lp8SsH82rXRD5aEWikPIDb8%2Bc21T%2BO2mwFPrlIKSw3dd8FHxkkcJnlhFFMAj6439ntpFnj%2BU0H527LBjZtxIrVQewvjld%2Bdk6kEJ5Bm41cM9kcDPE4xCYntORWtYujFDgt25%2FsTX17X9gH3RtlMyhrn8KQucKBy5lNWme9cwRFzwb5N9a0rUpo4wNiqNV3e1mEqs%2FY%2FpWNbAIGdpW0Vtdei1AdaJgxOca%2Fl2g3jEkZ5L2yBf%2BsF51NXnTlJsRdhYJp65z693hEAeMaiSc
2024-11-29,山东一金店被抢损失或超千万,42.0万,/l?e=7a2100Jonw%2Fv5DD8GZ7nFke6wkjiJNTlNn%2ByuwQatxUkcD5XBRnGwaMZfHuMA%2BRrysfNKrz31xoJknZMpYa0wpMJlTMD9e768DMgIurEDi6Xm9nN4V6IKCr73lBi5RgX3CnnVVLSXcb2ubz5AHdgcorZm29UCT3S6xRhr6q%2F97sEv08F3UKH1SeKBrhtarupo49%2BEj0zl%2B67FroG8y%2FVR4hYzMhnBJHaOUUaPINVnt68HiWFDGJ7Qhr2lzCNPnLA3%2FHfMrGHRfSWzPDTmxg5je4VmtfuvbFfULOeqNIfekXABNEogv%2Bebc%2BUPmaygjZ8DR3xw%2B8NccK2ug2AuON7Ci9%2BmZt2F686h7bEaEH4EEPAU0m1%2BIZr2R35hTfw6USkY3Y8YPpvUKg
2024-11-29,张杰第一次平头,音乐 134225,/l?e=a00ejKPw3J1KvPd4s0mG0wHE0WpJzTwJVdFcsiQbZ0I61GceQh%2FJNEj8U7GizsyKSxhGOvJr%2FU4yo7bkDfzgsz5ibe28v5ejWQamnRYV8SrsU22JpHhJrKnlsf1K7GJtysl1jZv8%2Fm1PvN%2F1oF7H7AmXtAaTj%2BewD%2BBfitMSzZvrxODg%2Fql8uxZ%2B509VKUCn%2BL0mmRWdmqLbzIkjn%2BXgLMdv3Hzl4WYRxskdQmC9zPDRlfu38TZS%2Fxc0r3YtXbnGDnExecTuTglgqpPN3OQ
2024-11-29,曾舜晞参加尖叫之夜,晚会 223911,/l?e=4886oDzT9mPgGgybP9imqZ2bZT%2B9NtTiy6zaeJ7zXo7pCQY8oRkHo75uEnJvq9wsja60iU9pn1OkkE%2FOOVOkiCvUGPHRAd12NoGhC0sbkkXP%2FRLLEtaa4KRctUeJve3f1m%2Fo1kM%2F%2Bd4EjIqwqWnIP1uMFv4VnOKpIOTfAO%2FlOC655YU0AjpU7szatAdeBf6WPWdUbo73RTwwZt%2FzOXApXCTiFi201RHUJZRKOxO0S4lyIoFNabOpmNyLwAMV2nWFpb5mgTn5j%2FxBIbWBSLx0M0naeCbv3LBSqCfpmCAUJNT1V7xkFr1K9c5Ya2I
2024-11-29,关晓彤王安宇再现跳舞名场面,综艺 116507,/l?e=6263ka8IZSnVz7yHlgIw4rXcvlUrT%2BlBh1uNxBtN8K0hTsSGHF%2FqEAo1CC9Vr0RCrKBwFV0GIxj2CZti%2F0NiiXyiqp%2FULwbVb7p1Lr0bDjjC9ewR4Ie6EOPjmuJacmGtxliX5t%2FUTrn0tbizm4mRaFnFkiufRyq36jFWXc8WjLreVHn2SzsneIHobrYfWeWheYL9DODsIZYVxaU6tPXg9Iu2Eib%2FkpNJvAs3Iwr5luu%2F379ixTjedb0UjwzlUUgMlo7HQbYZqGmyj0R0rOjKqLRwPcuVtlod98xegNoaJ0X0rataakVC9hTB21RIlrB0616zHrwUqos7y3OAzNGitPhX0iiL2SjK%2Bl%2BL89MAyAlNAT3wGTdnMzqwvrxJQzAcdSMSzynDSko
2024-11-29,妙趣横声一同框就是花式发糖,综艺 139199,/l?e=8cf9fWohDWz2tfzSvgxRG96nnP4xbL6W%2F5ipfKj0ZMFNAqe9MT%2B30u22gfuDW1TucrVToQn%2Fh7XqKZSY4SfmXf6EkQULe%2FNxssk5xnSjpRa8GhoayZUgmjMvRD5k1pUgeCZk572xLHCaxyl49ionXZLchln65iUABgmAaeMcAAEpbstt4LQLRsdhyohW9LRupVZXakhIKAX%2B5F6e%2F3L3KcH%2BDDx3C96iw7APVV2LlxnSIqOw8DKqc8FfgtqkoCiOkgWgTi8%2Ffy%2BhSnaVE1iYgwUfa%2FJShbVmN2BtpvSKQjKQbnOuZujfCMlCVTxBNtEP%2FZS7HfDThV6Up3D5S3aNAHOeVSFYTVURz30K6p7dO3LDegqwneAdXV5SguGUD4MDkNwRRc%2FoOHE
2024-11-29,郑思维说国家队的恩情永远放在心里,11.4万,/l?e=90eeyhQuf%2FIgGJruyOlGs6kB5dSsfClyt2lH7OKhdaz6yDBJnJXTvQTnvEYpjM81tShsjdZ5Lo8SG6PAnKE8%2Fh9cGWh4zvFXOLqn5NPquNpKJrIBhfAW1p3W%2BvVIJH5J9cKqGphLWnd0BnDVMlbxRAgeZJbgpCQ6KvqbyL3cahwm9xYywFCjOsAabUgo6xGMeO31MV5fOjbSL8YiM8IU9ZV8Tg1Rir745wMmVUvoOFznb96eqi%2BTJ7hvuSOCD3RQ3XnDd6nrvq%2FX4rtrlx%2Fnyg8sHfV1uT%2F0GQmH5ji6JToiw%2BMX%2BhVL%2F5GToP9QAXWdpch4jtB%2FIi4KkTEA%2BD2%2BjAH2oX7KqcvxPwK1wNG7V6h8itCu5JACjdAaw9hUTwNegxMSAd4BQxk35bAL8c75ejEo0oI2byWJxcYMxkBb5CuUOgc5R1EUPD0PaN5GFy6qvHEWMMw
2024-11-29,孟子义死脑快捡漏,12.3万,/l?e=7d5bu21NYeSas3XJPfH0EZEJLmjipjhuDGz8TeH7oJxtOCHgDzq1c5dJr9mmqhGTLVm%2B70PI4iGCwco6UPmGGHzJrq%2BCBK66FcW0AlX7EuVBr3QKDwRm5AAy6PynU5ciEc%2BeyKaRnPmm5Ql6rJg1Zxsf8rhH77R%2FvAIpXsTaLkjUxrgetQBmEMgP2Vqo6vDcPCh53P3BBGoSIzOTNHNAnQSeoUSvbtDH6aoass2YAMz9Fj%2FviERbvw2FXrAnIRl%2BqqOQRobGSwUkzYoSK%2B2R7hJA5J6mc00OnCPBYkQ
2024-11-29,徐志胜 麦琳同款发箍,11.3万,/l?e=363eHnSTTQXDaNmBQRNvvg7opVmsn6rIc%2FGjgG%2FcNAz0pXcyjGPZ44eInvNJ1JuK7JroeO0CqiSPjJguV6Jk7zsgY9Ke%2FEi2SjWzrcJdXtxspEFqCCoJdiFHLFrRIMguy5RHb5SztRMavqxULU1Jyrmunp4CKErtYXje8ljyI2DYM6hNHKVL2%2BDcKvRSSqEkgkAZNtMciQ4LHXJW55Rh822Qfi3xURguQUDFeH9mYZP1wbZnzGu%2BAiMUfVVe6Esno6XJC761KXXx0fdTQ44iAtSaT%2BnpyXPTPByzNcg3CPj8mVRQ0%2Fl8Jn6Fygw8Myc
2024-11-29,影院观影过程中屏摄违法吗,293.6万阅读 | @新京报,/l?e=9f9dmWSLGw1rmueINq2mUPg9yyYkdlDb52ACBohjuBclwjrvmQv5WbNTbMkW1vkaHL%2Bbp%2FOv%2BX93Vk%2B2CgZR5cC8oGr4lKFchRGWK1ihCe5Mo%2BgcYTbmPUsU8DMZ3ZZbDzPMScBhSWUd5UFS7Vqm8a1l2L7VmiZz%2Bu%2B9yWKYB7C%2FYKXs1qylbWAuJ%2BuSA7QV6rUnrTtfmPbEeXGv3YoiddgNpSUpVsS6e57Fe6PpxtNf69g%2FsQfJINJNX4Oex1U82dmBvvRyhKXPxqnA5Zc7O5me8Z85CQSgDbYJyh2Wqaow7zwxWcoEf2pprbNQawsMS3BcwO9Uzowz6kV7MS9dTb5prBymAMmtm7WuE3s4%2Bi57LIielP32oDo
2024-11-29,离婚律师每天接触到的都是麦琳李行亮,23.7万,/l?e=f79cglFlr0EvhJNAkkLgCSrxBuJrNjML7vGIO4CW7q5BmVFW6XHt76IJqHqg7DUhG62poPUtHE3KySQhS0vizjWQOjlGuXe5OOfKW24XY0rhPXt8uiYmY1Q4v32pFKylkMszk8azopbxaTwayihqsoZK5PN4R5lpHgke3O76VFok%2FDwZUrs%2Fqr3mV1%2FwFrDPBftBWll6oOhbLENTN92DlubGgYfS9bdcHsxILavgmI94BlJInc1P8Wf3lu2wxGKnhqKImfdc5FV1Q1i%2FIJLhJdfKlRjtql%2BfErX1Ez1I4%2FB0KrjnScKU0ON9bH88imaKVLEUiaRb4DurOVRofeZw9DHXGppoNH%2BFX%2BHZnBZrrSANmrXxtda1IryRO2yHpvjfS3jWaE2OgHnMZVLR1ka1SH6t9wswCK1iiFEOyNrldBtqoJH%2F8SFHUbuuV9THPQgT%2B5k8jwEjgNtceEJAJAdqBDQ9cGw
2024-11-29,Ador代表希望闵熙珍回归,21.1万,/l?e=45dfNEx0%2B92tlJkkF%2FpuPqU5Gdd%2BJnQFUw%2BIzoQ%2FgD0iYezfFTV%2FnjuHP91IiKR1p%2F3unomheAY1Ga6gnNdjrUmUaCV7uYt%2BGzXTqGqxTXBCVmIJzj7ADA4yu21F83A1SXIG3OBCYUQa1osKPrs%2B1pvgfqEeoZAN4owKM5FOq4QewxY8FBvQtqyZuyHF9jXJIUGHgUllztnMTRVQZcc6N6z1uNua5g4vIMmoW4O5w9Nvu9iz6vaVOaa7uyyyvHf9dc5kOZLFdmeBmx2lkflkc1XwRNhxDIJnX8lqv4tkDQ1FvReaDkDM2Biv%2FLCeehrR
2024-11-29,成毅参加尖叫之夜,晚会 172028,/l?e=87a8sClYBh0WYi3KO5m6RFRYh%2B%2FEKBWtOgp8okvizTHZ7oYXrr6wg6ABWB%2BmNDtJRYlEAGiuLz5hNKsfbGaHSSe8j1IwfssJQ7bPihg6pBMOc45UypgH4qsE3zVmCrxRWwjmBEF2M%2BdZg0vsLf70qB7tRj2j2k4R7Gw6RdEl4kr30dD%2F7zIaQausEdwemdPIXnbSfnjL%2F37kpLRrk2e%2FIaoIkPa6EpwDGU0cTSMcE1XJmL13MIOFumewsz0kTrKghZK2zVbe0cGSY%2FqQTphnqzB7Lu1wfmFiJcBcUHo
2024-11-29,李雪琴剧宣有两个男主,综艺 115536,/l?e=8b54TJtYyUdVhK8i25wla%2FrolaCEHlAu314kAPUbtW34kBgXYLog9Ho5X2c%2F%2FxvbpuF7MJ2VWULLc8d7SHwtrpxTSyi3AZF7VasR1zv4P0HSPY4T%2Bh7%2FM%2Feo2PRfOF1SdOxVXeS63Nca0fXcZ6LlTTQFUKXpm8lOAwjynGBPB2J5gXVo7XE3oQ7HpuZN0KfP%2B79wd5NGEkzDZPLYU0BUJNElvh3EaigQlMGrk3j5qvpRA18R8uiIdN2RCbFJPJrOvNAWJxG%2BS0lij9L2zTLt%2F%2FDNUR6%2FfvxbhQ1z2C5c3MJnbDxfyFGSadu6I4jyQivpWKE1%2FibH%2BTXiEig
2024-11-29,17名男女KTV聚众吸毒被一锅端,75.6万,/l?e=2774iqKkwztXlR%2FdKRnmwK6ZETKWjErAqEFjL81K7lbcQoGM0aGxHFW49aEzEQ8p0QBKV4IV%2FwSkxiTETzgeBLrzLdbSFzzQ5J8l8%2BHi67DkDpbq5eeABE13oqHbCcNdKuhjh1ZTgzwPUqPgPrOxFCPlFNJP61FVbJOWyEVRzYJyd5IXDEJfgGqaU%2FfS1ybRv32kYJOa58JST9k6oF4ARMl%2BUsTAmJ3Zf35SVBVHLTojdvYtTuwYy27hk93Dl51gdGJ9TsY1WJe7XKbXEtQLsP1AOmvbMIDItXiFdWqapZChrR7yWV4Oq5jiC9P4Ink8yyDbGisM7WuUUUJa%2Btd9%2Brv7%2FDid5uT6%2FpyLI2NrjA
2024-11-29,你家的筷子多久没换了,14.3万,/l?e=3c54OWvTbr5tqWfliWtZMb7JkS1i210QDRsV3kzuvhCN07QdsjN%2F2H0j%2BOPEuJhOyRyUvDV0m1xJbFZnJ4WS0rwPnqxMvawzfspQZLFA14fD31mnBKZzOFCyWUM8bh9zwqTyG%2BdsLDgl%2FajNTKQXElGCX9nBR0cMabChAMJB7gCojAmldjg%2BpRfhtY%2Fwb%2FB532CaBN1iZ7IKtYuW%2FV5yOvggudfIzsrz%2B014L4DhhN%2F%2B9kakjYqsrZl4XEC5vexxBvT5Yl9XvqdcHx%2FaNr04k52udOlpYPRz%2FFuD3jKYPY3X1VErkgg%2FliWmF5qLUMTJeUix%2FV8DZ98Y%2BwQ
2024-11-29,普京称或用榛树导弹打击乌决策中心,273.5万阅读 | @CCTV国际时讯,/l?e=8ab4tJ2dQtvOI5w4znbrzGywL%2BsRBzpkY1FWnY4eimhBU9Q3URu05IlYPmaNkHTaXtCf5aMvHsUPP6GiXGt%2FC1I3zD0EQEbMjsquqtaDNse8p0MnBx5aMqBaqkP6WvzIYq5lp6ko5%2Bx7Vs594OFi6xwh7xYHOzv0%2FkEI%2BmGJLLHcbH99OcJK9klD0IwYx4ii2SWz4p1hqrd%2BxuGAqJ0xWW%2Bwsced1dsXXqubJtOfUGKjhSHHeO1eizd0hQKRwxPEHtRpXjQ5fwt1nNA%2BSEHtvHkUjGlUjTPQf%2BziDahRM%2FejkVw2m6QuLi3q1nCBAIEQLAW5WrLqABgypt3FIwKsRHmOBIhSIOxkADYnCxW3iQQ2B9ZB1rugdBXh7sX3%2BLltoLwSjsLKi%2FgW%2FTxFiAwQ0Q9RzlgswfibEqAowHm8hUV7YGjLdyt%2BlOppxVNNgpo%2FxzE1U70
2024-11-29,专家称野猪已是危害最大的野生动物,337.3万阅读 | @红星新闻,/l?e=8f8cPJbRt7VecUt%2Fm1xKx3acuRjJj3PxTTWDLQAaerJkwc5wyvmzaTzhRw5E8oeNZLqW4Mfk%2F%2BN1NzYb4wjsdxQz4ekfbZycLQ0UzGQpr4LsKwGksHxW%2FSAXzu9uFhhyXSqxbsCegi%2FmznVz7mue3%2FKD2kLpS%2FTeIJjMOs5fN0LuRjFsYrdHBIiHiLI16blmsKtn2a9JWATA9J68BVkvbO85moCIyCaE7VUgaavH88BJ7tZbUZLD4%2BNUink1zSuAxEqsEtfG3mjFkmzS8VGKwXV1v11NfhWDci05yAqqhYMwENziTTyX5W7pK3Eeu%2BAOtd%2FMTAMCMMcqwzFPdvt1vLNGkYxEr8P4H7%2BWScz1y7pss%2FPV0wAJPf3JWsdwOau%2B%2FuVlJVngzOk03hIYI57OHipoH2qq2BStBg5HTay9U7INO%2BFs02lhxYDgpsCGJtnZLQMcIuE
2024-11-29,王海质疑李行亮麦琳争议为剧本,18.1万,/l?e=51f3tFom05wAsNuHMw9tjJs9W8ytBVizOQrQ4oMuPz9kN%2BMtJxmYW1grJfxQpWFv2LzgkmL2Tfs%2BXCvtwaT%2BAPUYz5usjZzjKX2t9nuvlU9lvRq0QBQ%2Fo%2BrUFIoS6HPLWqlaNQ7TdePAa3qeSUPMmBHb23kUOA88fpFhBAfeU48Yym1irXW69HZ4BRie7QZlKUB%2FuTCwr3bzzl1BBBNw2fFUodj9F2IYwR%2Bl%2FmZ9sEgD5bDILcQ%2FkAKXxpKQTyRTPYV3hROfnuZG00FDdcP4Nz9yRBRbF63uGI%2Bj7jKhnA014XkA%2BoOt4D3%2BBQLhcBtFW7RWllvdZIUis52i5tIipy%2F55DD2SzhVvXEwUIHF2tNf1qsg4S%2F2%2Bq3g9vRb4pUgzbbKpKgMr6TmrsniV8GTrRu%2FOETKnGk
2024-11-29,腾讯黑色沙漠手游停运,13.7万,/l?e=8f66qdRLY69eWerbBkzU4yhjk1Kl2Sci1DObgAlhgs7mssBj075JyDs9%2BBDToxq%2FQcQ52t0el8HV22CALF6engQ6JcjpTxB2SijEsUa4PCpu5%2Fx5Uxa3iaDC%2BZ1JuOKdHkHCp%2FtD9%2BKys41hx7ejN4Bok3UoK7LBXIfc82096mwYFI%2F8K4WhHmfafQDwkH8OL278lksE8hHGL2S4jQdMbgIvI0r599onqIEqXwbReg5yco2F5U%2BQJInJPOmzw6rGEx3j9zqbJw5sSLCgAMipBuaLPZfz64OGgLm1xBkXgoKcIO1YuIqK%2BjsuHkKLYIeikolRmrLq5QmOpAM
2024-11-29,老瓦杯海报马龙C位,21.3万,/l?e=e29c%2FZMrEeij26tadmBStwzhfdBF6lPq%2Bpf9VjfXbYlpuMTlN7eApRsVKBn1B4b5eHE%2Fztp7UY%2FJwG29G28A038tQ7V0n4ABm9XTngMHwAoE6rsPOBDQcxWhZ9eXuohO%2B6oDiBD5GbbCTb5fruF6l8XnAYH%2FMAd6eniTM8GrTWmYv5L2DZJXqEv8M5LNbcmrHXb7Oux8bIyeuBq1040NbKL%2BqOQpaZwfePAk4CtmkjxE0Mk8VMeVW7tvXHVeYguzl45Ix4A%2BgPRRP%2F5yLnU6bNSwcX%2FZgj5ZNfhMKYOZ
2024-11-29,贺峻霖一路繁花录制上班,综艺 114417,/l?e=990fElZGQK%2B%2F3fAxIxtYMUBhd0tAu%2BOXW7VPWkMl5L%2BuVbiPBxtlvseAtncxU7S%2F00ZCDPveeMwUhl%2Bt%2FYzUp7lZJmma4qzNt2coSZ91GIO8rkdFNbvviOIXeNSmJjx0QkzxrweLfJZr%2BqCGSnHsawBnUOff2PRtt3uADG1%2B%2FnEel6F9P2%2FL3Ylivmwj%2Bb7Iura6tJUxz8xMQliVGbN%2BbWFKvic7c0rU77ODlTakUCCzJTSJNCyr5IJ66ygwkyETrTWll2Nzr2cLNYlmCP2EMSH4L1c4%2FLRrrIoUjdVBzs%2Bqfpr1H5K9KF3ovjvtYchlhNAS6Thggh69AjNej5e0q7Sx7WX5RJQz71o
2024-11-29,丁禹兮海岛副本今日上线,剧集 91098,/l?e=f731mGV2L%2BzW9RD79qXUHlBoflmL85O4avOl7ULMICeJMli8n26BVYpIYrEZSHVoj1FTRsvN99Y9cM48Xj4fejDizthGGTu%2FvHj9VSTbDkkakpDYesV6i85mbNlgPlqMbXTBx8gfs7oa%2BEsT6xQFHjXPV3R5sR4NTTekDlh%2BuRc6bjRNnBmag2786weiYXOlyTCR6UqQlRvEjTXrDLbshUNI4jKYYY7tb%2BOHBOrpOdMcJD0mbpozg2klysN%2B1RurD5WSIeL1vQq1pgL2i7eajMDjQUrdrwLw45JcZSCAyGU%2FVDFT4rogeN0hzwLwyIvr8IUh3PSSaUgcEnPX2vyQEf7AW%2B9i4aeQEGk
2024-11-29,张雨霏跳新疆舞表演经典扭脖子动作,8.7万,/l?e=a0deyn%2Fs2a%2Ff4btN67I3%2Fs2VwYwV%2FndIwj7d3N0jSTUecZek%2Bef7Ya%2FDlbqat5xkuh%2B7tGM4ceP%2Fhl2moSOHbRfMiVVHNiT48oEVKDW57MpmBKN%2F3kpyCyh%2BDNG5gX0Q9nMWj2%2Fu88FT5wpYtXn95XW52FALhPWAuuR5nE8CEtgo2xlstIdL5Ki8avd2os0ArfQfqRW41ybzbJIK1Ab8Hq2Kcba5g0QEvTnRGJCwLWQC0dbD23F%2F0O%2BYg3GAnmj7z7f0ol745IvxxU%2FGrsPrIejO24xVYfr0f0c3UB%2FwIHfX%2BYmxelFuGVYSHhwyHl7bfsiZA5L%2B9eHT585hyhmjOeEuqT9LR7j%2Fsjvt4sWS9mHQVi43LrK%2BKcIXthTTfe1tpujP4GZeA%2BnSzhJ%2BeXfask54XvcCXN2eUuDVcS7lgdxZLdsDVA%2B7JbWN9FriIEQdVv40kFw
2024-11-29,张杰唐嫣荧幕合作,18.5万,/l?e=432a4Dr0W7MaBEeY7d%2FvvQGy%2BImhLKLBQw95D1Bf5Z1ERIRu6cZCrtdSF5MXhimanyFja9IUBOYyt5GUMBWMBBuHIkm4s9mn7F7ZMWOVRC6aEmTCSYJ04LA0UaFODrB9BJeWO02HoX2%2BspMaabDdEZOkwZvq2vdScjVMH%2Bcq5WvocV6U8i2ZAz12tl78m%2B1BUk6hFkQ3Eprkp%2BEQOYq6Z54QXsnjS%2FOP%2FwoU1eC0kocUSMIyTP1BFFQ6zxy0Nw3nbovrPI1uksOnn%2BYYmhWtvRRZWKWqzYpFXBmH5uE
2024-11-29,LWX说诺夏太菜了,20.9万,/l?e=8c04mqVHusOAqcn%2BlgjLGVFezVeUgFDjuh64c314YCqrEY13MF3IaduLqbUACrTNJCqn9m1ZBeoV6dgCd3XZjnvIJmso5oJH%2Ff%2F1HbKnvaLwIuJYUNb3Q%2FSXu1yx8fBADaBBCiL7ywedlQPXxQhBIEKm10TmUNjdMUBdow9du02uq2b%2BrVVHGpEu4TbX1cuY%2B8Ve1v5wKjiiXBtbwTlu948uQD20cyTZMPsAPcpptpAE%2B%2BOak9NBZKEsXQOvFgpNELc
2024-11-29,这样的新疆棉花我支持,688.9万阅读 | @热度新闻,/l?e=17abpkcYn1Q34G144yCRy6vDk4csw55wmKG7%2FZyFTUS0BBcPqWlmkPK7J0cYlFKImAr3KtheCsUovfq6jRaxKvfGW9hh0dYCsXIkm2pW0nPDDucmKncYK0M0O0Vn7WHd3IB3GdBMAHaDBXVOgCMKFlS6U6cv%2FiU1lJ3w3J%2BNFNCAhhiYQ2v83dJanfPHRe3AwkVOEvjhGoiCn4IbLN5xhw1O3qt3k17nc%2Fx3zH1lMyTh9sgsIUyFYHVBJnOUCX4Y56vrpPVvtZIRv4KdlAhAluJvkmb1HXqqKQEiry0zGj98ENu%2BxpncBp1kPlk%2FzDDFMxzOWPQOzqbgRVE
2024-11-29,奔跑吧揭秘穿越千年的东巴纸,剧集 151335,/l?e=ea14jLd2nzaAopqnJrUZ6Rv2arO6yHLQ20fApYvfUvzI4qa%2FqAjw4Of4M6PW16gHUPt9TU5XaAzWhhrVPUa0k%2BwuRZcsZQRG3czTdXYxLXIvDtXVPMqWAx5i2eYOCGfmxA1CN1RKQPGzF7O6oG%2F31OkPaMQpilLbvxXC88zYX8Ad5KYmf6%2BUlUm9QEdNNMyiC4m1de91cuSGvGIXaj9X3q7fovar%2F6UqDrjVA3ueDIdrnaQ0YUW5HBAhjb%2BzHaD4FngW%2FAbpBilAnfcHU5UecleLKidz%2BdahzakgL925kwz2XJLEdDGqw0oZAXNLUV5Lt%2BbERErtnlZolrtwHPiwBWp69au9neo32%2Fd8cu2QrnI6tq6ifhgSJzHJdMc%2BCP43Np7YYWpntec
2024-11-29,我们内娱有自己的李准基,综艺 241310,/l?e=8d72R%2FedfEHRbfUcrj28xiob84LllMXZZoQBZq59nq6fpD2Ri2JJoF274xoHkXvbdSmBm8q246j24X5umGOa%2BAHA5OVFdP%2BLb3TLO2%2BYLP97wTkyUwMbp3zmRXo%2FuSsxD6nmnnuwBZiwjKvv4DU6v%2BtckDdHwU00%2FSEcLiz%2BwJ4ixuSCEUM035pFwPaiC77N0rD1%2Fkkm8wpxuzfBEAW07NlOif0QMtagKOGuaTA9gZNuH7%2B00W3PyBaJZEvV3%2Fc915hjKkD4yu34CuR9HM2obR9LgsPISsEkpW7UjVpC8LVmjYCjbtBEoDLYy%2BuNc4zgM0nPISKav%2Bgwc0iw%2F3nKvbdgmzUMkwuuRMs
2024-11-29,辅警因为一次好奇9年后救了一条命,42.4万,/l?e=3153DULKtyioD%2B1LjeTJAQT6jD4jpAO%2BpPwmL8gV0oGLSYMppNNXfmwIfC2TSS9j0cMgouoEkojDf8kvOcgaJ05W3fLzR1E5OcwX1R1GBlKsJQh2FnoH0%2BCXYnEHZ0QS9uBUqBeGm%2Btao%2F0vuTfeBDBi7jmEktz8PvtNZu5J2tC0rQqx3KkdYdgAMSq89s%2BRzLIDgMgnKub7prYImISpznieplqnlFzFHQIsovA073aPiYUy6YKvcAXuIxTFf2wh8jitE81D3NYGWY902r35kqh6rpFJ6%2FgLbrv7mzwvIimx8GVc318q4aARMtoO2uwKGXf8v8cOY8L6WmdXk%2FCidklxcc7Cb6rCYAgy9kN8DQ4VwK50gq9wvN7n9CfoOjIxr%2FDWjkVC3YMge3ONrbX%2Fm9mGHSzb9KApoNWlyhzarDmgNrVDl0pR
2024-11-29,张小斐佟大为新剧 再见气人,12.6万,/l?e=b912LfaeXt3wXpWed07aymQASzrefKpSg72R0TnXzKHzyoXIuQOtba1P2mYlbwHykr3eeMUBXaHZMcaG7EPr1WiRBYL%2FRCAMx0%2B0hesa2WxbHe7EkO8qYLvnSp9ai2JNRiyUJFHrRFoATuAsNnVUxd6OLAGIeCNVbQ%2Bi66EQs6LRtdI%2BcQqjosQ7grAHaop6HqLHFlBsmVRYuoiXifV82D0umDLLdcVJ90JNVZMNQVZSD9EdjbWdnJmlnZlCGBn%2BraqJggLQOj3yIfWVb1c3SIUJn6C9hWUitvH6TCro%2FDgQ1%2FPXWm17WvETVS%2BkCuAne1Bb51G5agBT4fE248tv6z2UoEaQOMoOyfcJUdHb89Qsk0Epj1iTR8QDZEI
2024-11-29,网易辟谣网传深圳公司全部裁员,286.1万阅读 | @澎湃新闻,/l?e=f001SoNU397nL%2FN7BCLoeEtPh4f80FZoIn%2BiTHJds8qqsJjoGysOg9ZevxxCvyrQAA2%2BczM8uL1wl3fT973K4LuH8yPCzf7xMOSprDub3UwxAHn0E6GL4XgPCOk2EY1Cvfdi3bQi9OlYwyIy%2F5XG677jX%2FajA%2BOipRrKz%2B4dw4d5lfofJOmfvHVn07vMnFTwsSbVWQzew3ulHNE2jalz%2Bupxpevf40vma7PILKlz%2FKIPt%2FK%2BFamIa03YbR0glgj20SJxxN3nP0bOnqewgwV605k%2Fd0LMmgN5%2FceXLM3DUL9VL6r%2B7kQpLn6EkFEjPTjs4EqxysQxZcUTA1Jxr2IeSedDcFdxcYQu5g53Uw%2BnoNVSw%2FHgjsXm%2BaEnV%2BnXcDKe1JxK9%2F0IDVKVWKIutkpPKw2nSS2IoMg
2024-11-29,南京晚高峰地铁隧道现野猪,383.8万阅读 | @极目新闻,/l?e=b67aMl8jzGS1eEzjUDOo%2FcF1ewzDFqxHLSO1fhmRWDl0KbKSwQGs6aQN4le%2FkM5P1EGOv2UnAmTn%2BpYxEtH7wl0%2FAgwhCVb7nWYhgDt1LWSBTmfNmzR7FIEQW7MMw2rRzop7eZ0JKXl%2FjJyEhnkcBitm8SKli7mACmy%2BCVN0WvxlIXAcq7y1lmbAKPViXrP31s%2FoobQqxektOu7tc5l4LxAtX6w7GUpBuB6Pcs6T4bKSsG3baZBq7ryZ7NBPLooy2LsR%2FO%2FpTfOQQNK5p1IajA7q1ODbNL2aFsJEf2EGCnAR21%2FQD%2Buq4R4yPwl%2F5D8FOh7cMSY7fMqr6aTex9LNut4CiJEk87UUxRIPy4a%2BiGLASpUmfSsZgCU
2024-11-29,南京地铁回应晚高峰地铁隧道现野猪,423.0万阅读 | @极目新闻,/l?e=7d27fChFVv3kEXsU%2FCHgB8nWp%2F3V0LNIGA2II05v33XOBHtWg2ZxHcXd9%2FPOigO9fpflD08mYpwNvCezpcClbq1TPrIEt0hNu5lT%2Fd%2Fs%2FNPokof2zqQ1ssTIz2oTKmGwvoCoqtH%2FM4jCL7leum6p%2B16bckQ0axOgJWW43C%2FLaTvqJF%2BZxYVsaMOWWFPJFkFqk%2B2nbAsw4kUhp7Mr8AugkOK9V5cFhC7VvOPMa2lMt0537j0fv2DOXtsNWhsp35kQ4L2b16KVu5VIy1wywcJpdQc5jZ1nj60TmdYZlT1GXU66ZqY3BMSLdRX28ExV4DW1byMSsh2rip1NA84K4i%2BWF%2FHBigEgS9sP8KX3UxmqPMI6srjQN1pcgqfkoCmR0GGur5SvfhEYrjF0%2FUJuVwW7I58h5ICGAYhfWZjHIdCZSXP7qMf7ypJDy1HwlDLEzffGlWuwxgM
2024-11-29,留几手和节目组摄影师吵起来了,综艺 187615,/l?e=7ad2UfxNH2We7qwpMr%2BuDJGtWvUDUfI403XKiO0vxjmK5mQ9JVu7DbvFYmEktrxb7lwkk9icrLp7mF%2BPdEB6lgHgEOtmsA27OmNHgsQTmJyFPfzdnlESKspT%2FZKua7zqjYGMM3jkvUeKSZ6SjpffTQbkDR1BaUHjKJunSeG5N8cH3N37DCvCSPcceq%2FgqUoDZ7cLmVxP1iSVsdQ7lOSboNLlaXfS7%2BtRduFcbf2Xcf8aGV7LDPYRh9avPF4jaLtsU63OoDJjBOKX2AI5YaNea8vP6eR6Uaz929GfIWK6n8cGwMcG5BYny28jITPq9BT0ry8ZbK8bK4I1VgFYpKFdXwq6QvaMfjQF%2BQ9mtzVzZzY26c3OaLTOzQF%2FmSmdur0XP9r%2FzUHDZ%2BFevUA%2FfBXJicig27ZEimQ
2024-11-29,老人吃腌萝卜后中毒整个人紫了,18.9万,/l?e=f89cXd8kAxWUaJNbaY6X897fuVR%2Fi4KjCZLi3Vvgt37wjhUcrcn473YpZ%2BUqlr6spvZdtN6yUCbhy%2BmO4KTQGBCL6Dwj8q4K9WEdl%2F%2BX0tHpbWP548vvlkzOexjOiQBUxXz3jyb6goibFxeNZpeKZaZ3NNx%2Fh%2BpFy0oKR6nuwXMUxes6o3jeRIKgqNy8Y%2Fy%2B1vGYAaKtOFdQoNi2o5YxbU38J7rCTDcRD3SXIfEq2UsGExeHwbm0jpkHOSw9sU6P8DGILv4hjbzbNDah1J%2F0pRInzMTAkzlsceN%2FpHrwIpfawosdIGfETpwBK4QqCLr4wKdM%2BfxfgJuSzOYNmW9Ww%2F5DMvtxRQnG%2Frd6rNkC%2BiLxn0%2Bc50o7fs8J2QdYGMa2046T82zUnfzfA1mfawjl0lvc1cj6PIY
2024-11-29,丁禹兮 我真的没有在晚上背梗,12.2万,/l?e=7b87LBvLOQ%2F%2BOvhhM2oGTm6I5H3ezdZ%2FIyUwx264O2HmAM%2FSSZ6vxWRacFxJwtSUiVH82snoWD2P78GrdW0YS0JP68eHUk32qKCeqckkAW0gfl228QIZ6HI8mvVraV8zhALBOn%2BrufkUYXN0m0SMeCX9YR8aIOoWvc5Zqhtd8RE5%2BqNxPVGPIUzW7RNuUf95zHVAw7J1okPCRH%2B8U%2FhAob9aoLc6FK9bU5ISPtbhjeKYi%2F6rPIguXBKb7c%2FDjTdY783rXJpP5TgHU6Qu2OEdErGOODc3gH7EwMeb0geamEKo2%2FfWGTFut3SlkgPuLrTIiHjglTiX4yLl0%2F3yrXAESWlTnHOotVkcxkScIBwWtK200PVk2oWk%2F39Us7pHaSgKhwWOx6%2BG0aSfP9M
2024-11-29,破地狱定档,电影 108850,/l?e=fb84nPuZUxCXAZ5cbk1idUaMRv0oByFFlGVaTJOb30bnMYe0x7cSw1J9pbwYd55WeK9uog5KmOcPLZOncqSSTvJtRJ0f1iBt6pCfIiZul%2BaIA%2BtXlhnlotsb8BM6czh3oFVmKRozf54qxlRxXg08upVKUo5hzb9gEfhYtaMFTOJLMNDdcPA99my6ghhe8wF7y%2BXulqpQliaAFctY2bmZKheqxuOFPanwjIpyEzxKNtg
2024-11-29,Ning王队战胜Icon队,17.1万,/l?e=0533AitHpbM8KLXqIOt4dRjodJFgblQqCDsRsbrK2t%2FqL6bzC2n4UhduP00esRrz%2F34%2Bsk41rZuZ09MS8%2BBOsX1jIM%2FcbBZLlsO%2FP8h8Nh3WBIuOncYOm2UxOgOE%2Fwvhvujjg7q%2F55uh7TfSabfJbi6kVkn2uthNgGI18Yj6ekLP9H9eKsSuFIt%2B63pZpxtj2QJ5pqgHxanWS4yoVUWv2Cf2BEeV3Cot%2FqkgGHwgx0393c2CNCpXxg
2024-11-29,幻视奥运冠军幼儿园午睡时候,16.6万,/l?e=a6d2g79I32jpRvzg6rd6x%2FX0z4olxAltVdzDIvYI1TPGvjYNIG35L1%2B16nIxVZQCf6rD6NKqz%2BjNtIwYgBvBIJFo6DZpUSTNzaOGOydy13nk%2Bsq6AcARk%2FFVnqA%2BA21%2B4i0KVC8PCAL4ATBno4Jfj7QzRw6D67ondszk5XjSACKwal%2FTgK8YADbwU4YPAD%2Bpu8EEqzKS9nLZCAQaWGbICzRQrfYwiLcUjg8bCccW6MBc7x9wwVGW8UawNGornkPjWoDL2jLgi8epUQV2awZFOuLFnZr88vi32cdcrGZ8BGfk4pVoyn%2FvAqaXS0VJZ7D1vVNT478QhlAjU9Vc%2BCOjyilKY%2F9dcoIX%2B8ULGZV4w7bUHIkk2KYFGuDU2zafEPoV9DHR3tNUTVs
2024-11-29,声生不息全员合唱好歌献给你,综艺 124385,/l?e=ceeazMBsNSCvTJWe2ndPYrKm27VGTSCcPQ34UeymuVW80PDn8Q%2FPWkswjJdqCckcXYj37AC6eT29%2FnX7rrYDaJHgYOhI1misGpywSwtVumBR0wUlitQCvyobw77zIdpmRc%2Flv42HIVhnavRPM41D65ElmUAkRfFZhcii2Krvnzx4XABphgcESA%2FmZ9Ch4QShGzoU3rCE3s1iyVdiOlx7m5SuN1lQLEg6y3DQuuRnAGtNUaDtGy6wghKP%2FM1mdMujjdsEl0585k7Qll1P2lquYInHZLtclPw1%2BcwzoNVWA%2FGitPSm4M21cDMB6vqsr5ofja9xhmcPa%2BjXjv7kgrtgu6MCaZvm%2FOL%2BFSptnqNyqYCxbPDM8ppeOLB57tPKRfpgcE4uhuWlN90
2024-11-29,胖东来调改永辉超市25天改了啥,25.0万,/l?e=4ae0Fd4YHuf%2BGZApFT%2BJLdaiQkjso6zmZisfwC%2BIRtJVbQfwsrxxpbr8prt0NhbATm%2BfZGhw6G47fVdZJ6Egw0xVSqRi2wf9%2FNscD0pIM4pQzSUbfF0GocLeYu8vtN9Q05Lz45JpjFre36xhZXM77s4qUBGphVPAY4%2FTuj9s1oNRG9Cf5%2FFsk6fkXeIzcwh12KKbScaotL5ihDdvMa5dteGrBlGJTd6l7WrFSWeO%2FblBosCvrrCp6jOx4gJZjhNJBmTIWK0Yae7pEfKqTEoCFQf%2FW0agVkWk3BgmfN%2FuC6N51ul01bU1Yi6i0L%2BAbfhODG7Kjockag8gDXHtB4Fck6lh4OMokfQet8YgBWqJBtSgTLegoDjQ4jrZgMzkLBSfFICSuF1v6ZP5Xg
